key,sequence
-1,TAEVMSHVTAHFGKTLEECREESGLSVDILDEFKHFWSDDFDVVHRELGCAIICMSNKFSLMDDDVRMHHVNMDEYIKSFPNGQVLAEKMVKLIHNCEKQFDTETDDCTRVVKVAACFKEDSRKEGIAPEVAMVEAVIEKY
-1,TAEVMSHVTAHFGKALEECREESGLSPEIMEEFKHFWSENFEIVHRELGCAIICMSNKFSLMQDDARMHHVNMDDYIKTFPNGEVLSAKMVDLIHNCEKQYDDMTDDCERVVKVAACFKTDAKKEGIAPEVTMIEAVMEKY
-1,TAEVMSHVTAHFGKALEECREESGLSPEIMEEFKHFWSENFEIVHRELGCAIICMSNKFSLMQDDARMHHVNMDDYIKTFPNGEVLSAKMVDLIHNCEKQYDDMTDDCERVVKVAACFKTDAKKEGIAPEVTMIEAVMEKY
-1,TAEVMSHVTAHFGKTLEECREESGLSVDILDEFKHFWSDDFDVVHRELGCAIICMSNKFSLMDDDVRMHHVNMDEYIKSFPNGQVLAEKMVKLIHNCEKQFDTETDDCTRVVKVAACFKEDSRKEGIAPEVAMVEAVIEKY
-1,TAEVMSHVSAHFGKTLEECREESGLTAEIMEEFKHFWSDDFDIVHRELGCAIICMSNKFSLMKDDSRIHHVNMHDYVKSFPNGEVLAAKMVELIHNCEKKYDDIEDDCTRVMKSAACFKQDAKKEGIAPEVAMIEAVVEKY
-1,TAEVMSHVSAHFGKTLEECREESGLTVEIMEEFKHFWSDDFDIVHRELGCAIICMSNKFSLMKDDSRIHHVNMHDYVKSFPNGEVLAAKMVELIHNCEKKYDDIEDDCTRVMKSAACFKQDAKKEGIAPEVAMIEAVVEKY
-1,TAEVMSHVTAHFGKALEECRQESGLTAEIMEEFKHFWSEDFEVVHRELGCAIICMSGKFSLMHDDARMHHENMDEYIKSFPNGNVLSGKMVELIHNCEKQYDDIPDDCQRVVTVAACFKRDSKKENIAPELAMIEAVIEQY
-1,TAEVMSHVTAHFGKALEECREESGLSPEVLEQFQHFWSEDFEVVHRELGCALICMSNKFALMHDDARMHHVNMHDYVKSFPNGELLSEKMVNLIHNCEKVHDDVEDECSRVVKVAACFKESAKKEGIAPEVTMIEAVLEKY
-1,TAEVMSHVTAHFGKALQECREESGLSPEILEEFQHFWSEDFEVVHRELGCAIICMSNKFSLLQEDTRMHHVNMHDYVKSFPNGQVLSEKLVQLIHNCEKQYDSITDDCERVVKVAACFKVDAKKEGIAPEVAMIEAVMEKY
-1,TAEVMSHVTAHFGKALEECREESGLPVEVMDEFKHFWREDFEVVHRELGCAIICMSNKFELLQDDTRIHHVNMHDYIKSFPNGQVLSEKMVQLIHNCEKQYDDIADDCDRVVKVAACFKKDAKKEGIAPEVAMIEAVIEKY
-1,TAEVMSHVTAHFGKALEECREESGLSPEILEEFKHFWSEDFEVVHRELGCALICMSNKFSLLQEDTRIHHDNMHDYVKSFPNGEVLSAKMVELLHNCEKQFDSMTDDCDRTVKVAACFKNDCKKEGIAPEITMIEAVMEKY
-1,TAEVMSHVTAHFGKSLEECREESGLTAEVLEEFKHFWSEDFEVVHRELGCALICMSNKFSLMEDDARMHHVNMHDYVKSFPQGDLLSEKMVQLIHNCEKQYDDIKDDCDRVVKVAACFKKSCKKEGIAPEVAMIEAVMERY
-1,TAEVMSHVTAHFGKALEECREESGLSPEVLEQFQHFWSEEFEVVHRELGCALICMSNKFALMHDDARMHHMNMHDYVKSFPNGELLSEKMVELIHNCEKEHNDIEDDCSRVVKVAACFKNNCKKEGIAPEVTMIEAVLEKY
-1,TAEVMSHVTAHFGKSLEECREESGLTAEVLEEFQHFWSEDFEVVHRELGCALICMSNKFSLMQDDARMHHVNMHDYVKSFPQGDLLSAKMVEMIHNCEKQYDDITDDCNRVVKVAACFKESCKKAGIAPEVAMIEAVMEQY
-1,TAEVMSHVTAHFGKALEECRDESGLSPEILNEFKHFWSEDFDVVHRELGCAIICMSNKFSLLKDDTRIHHVNMHDYVKSFPNGEVLSAKMVNLIHNCEKQYDDITDECDRVVKVAACFKVDAKKEGIAPEVAMIEAVIEKY
-1,TAEVMSHVTAHFGKALEECREESGLTADVMEEFKHFWSEDFEVVHRELGCAIICMSNKFSLLQDDTRIHHVNMNDYVKSFPNGEILSQKMVELIHNCEKQYDDITDECSRVVKVAACFKVDAKKEGIAPEVTMIEAVMEKY
-1,TAEVMSHVTAHFGKALEECRQESGLTEEIMEEFKHFWSDDFEIVHRELGCAIICMSNKFSLMQEDSRMHHQNMNEYVKSFPNGEVLSAKMVELIHNCEKIYDDIEEDCSRVVKVAACFKRDATKEGIAPEVAMIEAVIEKY
-1,TAEVMSHVTAHFGKALSECREESGLTPEVLEEFQHFWREDFEVVHRELGCAIICMSNKFSLLQEDSRIHHVNMHDYVKGFPNGQVLSAKMVELIHNCEQQYDDITDDCARVVKVAACFKRDAKKEGIAPEVTMIEAVMEKY
-1,TAEVMSHVTAHFGKALEECREESGLSPDILNEFKHFWSEDFEVVHRELGCAIICMSNKFSLLKDDTRIHHLNMDDYIKSFPNGEVLAAKMIELIHNCEKQYDTITEDCDRVVKVAACFKVDAKKEGIAPEVAMIEAVIEKY
-1,TAEVMSHVTAHFGKALEECRTESGLSPEILEEFQHFWSEDFEVVHRELGCALICMSNKFSLLQDDTRIHHVNMHDYVKGFPNGEVLSEKMVKLIHNCEKQFDDITDDCQRTVKVAACFKVDAKKEGIAPEVAMIEAVMERY
-1,TAEVMSHVTAHFGKALEQCREESGLSTAVLEEFQHFWRDDFEVVHRELGCAILCMSNKFSLMQDDARMHHENMHDYVKSFPQGEVLSAKMVELIHNCEKPYDDIKDDCERVVKVAACFKVDAKKAGIAPEVAMIEAVMEKY
-1,TAEVMSHVTAHFGKALEECRTESGLSPEILEEFQHFWSEDFEVVHRELGCAIICMSNKFSLLQDDTRIHHVNMHDYVKSFPNGEVLSEKMVSLLHNCETQYNDMTDDCDRTVKVAACFKADAKKEGIAPEVAMIEAVMEKY
-1,TAEVMSHVTAHFGKSLDECREESGLSPEVLEQFQHFWSEDFEVMHRELGCALICMSNKFSLMQDDARMHHVNMHDYVKSFPQGDLLSAKMVQLIHECEKIHDDIKDDCSRVVKVAACFKESCKKEGIAPEVAMIEAVLEHY
-1,TAEVMSHVTAHFGKALEECREESGLSAEVLEEFKHFWSEDFEVVHRELGCALICMSNKFSLLQEDTRIHHINMHEYVKSFPDGEVLSAKMVELLHNCEKQFDDITDDCDRTVKVAACFKRDAKKEGIAPELTMIEAVMERY
-1,TAEVMSHVTAHFGKALEECREESGLSSEILEQFQHFWSEEFEVVHRELGCALICMSNKFALMHDDARMHHVNMHDYVKSFPGGELLSEKMVELIHNCEKQYDDIEDDCSRVVKVAACFKTNCKKEGIAPEVTMIEAVLEK-
-1,TAEVMSHVTAHFGKSLEECREESGLSPEVLEAFQHFWSEDFEVVHRELGCALICMSNKFSLMNDDATMHHVNMHDYIKGFPQGELLSEKMVGLIHNCEKQFDDVKDDCSRVVKVAACFKVDAKKAGIAPEVAMIEAVMEKY
-1,TAEVMSHVTAHFGKALEECREESGLSPEILEEFKHFWNEDFEVVHRELGCALICMSNKFSLLQEDTRIHHVNMHDYVKSFPNGEVLSDKMVELLHNCEKQYDAITDDCDRTVKVAACFKKDCQKEGIAPEITMIEAVIERY
-1,TAEVMSHVTAHFGKALDECRDESGLSPEILEEFKHFWSEDFEVVHRELGCALICMSNKFSLLQEDTRIHHINMHDYVKSFPNGEVLSAKMVELLHNCEKQYDAITDDCDRTVKVAACFKNDCKKEGIAPEITMIEAVMERY
-1,TAEVMSHVSVHFGKALQECREESGLTEEMMEEFHHFWREDFEVVHRELGCAIICMSTKLSLLDDNTRMHHDNMDEYVKSFPAGEVLSKRMVEMIHTCEKKYDDIADDCERVVKIAACFKADCQAAGIAPEMAMLEVVMEKY
-1,TAEVMSHVTAHFGKSLEECREESGLSPEILEEFQHFWSEDFEVVHRELGCALICMSNKFSLMEDDARMHHVNMHDYIKSFPKGELLSAKMVELIHNCEQEYDDIKDDCSRVVKVAACFKLSAKDEGIAPEVAMIEAVLEKY
-1,TAEAMSHVTAHFGKALEECRGESGLSPEVLEQFQHFWSEDFEVVHRELGCALICMSNKFSLMQDDARIHHINMHDYVKSFPKGELLSEKMVELIHNCEKEHNNIEDDCSRVVKVAACFKVNAKKEGIAPEVTMIEAVLEKY
-1,TAEVMSHVTAHFGKALEECREESGLSAEVLEEFQHFWREDFEVVHRELGCAIICMSNKFSLLQDDSRMHHVNMHDYIKSFPNGHVLSEKLVELIHNCEKKYDTMTDDCDRVVKVAACFKVDAKAAGIAPEVAMIEAVMEKY
-1,TAEVMSHVTAHFGKALEECREESGLSAEILEEFQHFWREDFEVVHRELGCAIICMSNKFSLLQDDSRMHHVNMHDYVKSFPNGEILSGKLVELIHNCEKKFDSMTDDCDRVVKVAACFKVDAKAAGIAPEVAMIEAVMEKY
-1,TAEVMSHVSAHYGKSLEECRKETGLSKEILEDFKHFWSDDFEIVHRELGCTLICMSNKFALLQDDARMHHINMNDYVKGFPDGDVLADKLVQMMHKCEKDYDDIQDDCDRVVKVAACFRADAKKEGIAPEVAMVEAVMEQY
-1,TAEVMSHVTAHFGKSLEECREESGLTKDVMEEFQHFWSENFEVVHRELGCAIICMSNKFSLMHDDARVHHVNMADYIKGFPNGEVLSDRMVQMIHNCEKQFEDIDDECSRVVKTAACFKEDCKKAGIAPEVAMIEAVLEQY
-1,-AEVMSHVTAHFGKALEECREESGLTQEIMEEFKHFWREDFEVVHRELGCAIICMSNKFSLLQEDSRIHHMNMHDYVKSFPNGEILSAKMVELIHNCEKQYDDLTDDCDRVVKVSACFKADAKRDGIAPEVTMIEAVMEKY
-1,TAEVMSHVTAHFGKALEQCREESQLSPEVLDEFHNFWREDFEVVHRELGCAIMCMSNKFSLLQDDARMHHENMHDYVKSFPQGDVLSAKMVELIHNCEKQYDDIPDDCNRVVKVAACFKVDAKKAGIAPEVAMIEAVLEKY
-1,TAEVMSHVTAHFGKALEECRDESGLSPEVLEEFKHFWSEDFDVVHRELGCALICMSNKFSLLQDDTRIHHVNMHDYVKSFPNGEVLSARMVELLHNCEKKFDDVTDDCSRTVKVAACFKVDAKKEGIAPEVAMIEAVMEKY
-1,TAEVMSHVTAHFGKALEECRDESGLSPEILEEFQHFWREDFEVVHRELGCAIICMSNKFSLLQDDSRMHHVNMHDYVKSFPNGHMLSETLVTLIHNCEKQYDSLTDDCDRVVKVAACFKVDAKKEGIAPEVAMIEAVMEKY
-1,TAEVMSHVTAHFGKSLDECREESGLSSEIMEEFKHFWSEDFEVVHRELGCAIICMSNKFSLLKDDTRMHHMNMDDYIKSFPKGDILSAKMVELIHNCEKQYDDIKDDCSRVVKVAACFKVDAKKEGIAPEVTMIEAVMEQY
-1,TAEVMSHVTAHFGKALDECREESGLTVDILEGFQNFWREDFDVVHRELGCALICMSNKFTLMQEDARMHHINMHDYIKSFPQGELLSTKMVDLMHNCEKQFDDIEDDCTRVVKVAACFKMDAKKEGIAPEVTMIEAVLEKY
-1,TAEVMSHVTAHFGKALEECREESGLSAEVLEEFQHFWREDFEVVHRELGCAIICMSNKFSLLQDDTRMHHVNMHDYVKGFPNGHVLSEKLVELIHNCEKQFDSMTDDCERVVKVAACFKVDAKAAGIAPEVAMIEAVMEKY
-1,TAEVMSHVTAHFGKALEECRDESGLSAEVLEEFQHFWREDFEVVHRELGCAIICMSNKFSLLQDDSRMHHVNMHDYVKGFPNGEVLSGKLVELIHNCEKQYDTLTDDCDRVVKVAACFKVGAKAAGIAPEVAMIEAVMEKY
-1,TAEIMSHVTAHFGKLLEECRQESGLTTDILEEFQHFWREDFEVVHRELGCAIMCMSNRLTLMHDDARMHHANMHDYVKSFPQGELLSGTMVELIHNCEKIHDDIPDDCDRIVKVAACFKVDAKKAGIAPEVAMIEAVLEKY
-1,-AEVMSHVAAHFGKALEECREESGLTTEVMEEFKHFWSKDFEVVHRELGCAIICMSNKFSLLKDDSRIHHVNMNEYVKSFPNGEILSEKMVSLIHNCEKQYDDITDDCSRVVKVAACFKADATKEGIAPEVAMIEAVIEKY
-1,TAEVMSHVTAHFGKTLEECREESGLSGEIMEEFHHFWREDFEVVHRELGCAIICMSNKFQLMQDDARMHHENMHDYIKSFPKGDLLSETMVRLIHNCEKKYDDIDDECSRVVKTAACFKKDAQAEGIAPELTMIEAVLEKY
-1,TAEVMSHVTAHFGKSLEECREESGLSEEVMEEFHHFWREDFEVVHRELGCAIICMSNKFQLMEEDARMHHENMHDYIKSFPEGEVLSSKMVALIHNCEKQFNDIEEDCSRVVKVAACFKRDAKRDGIAPEVTMIEAVMEHY
-1,TAEVMSHVTAHFGKALDECREESGLSAEILEEFQHFWREDFEVVHRELGCAIICMSNKFSLLQDDSRMHHVNMHDYVKGFPNGELLSHKLVDLIHNCEKQYDSIADDCDRVVKVAACFKVDAKAAGIAPEVAMIEAVMEKY
-1,-AEVMSHVTAHFGKALDECREESGLTPEIMEEFRHFWREDFEVVHRELGCAIICMSNKFSLLQEDTRIHHMNMHDYVKSFPNGEILSGKMVELLHNCEKMYDDLTDDCDRVVKVSACFKAGAQKAGIAPEVAMIEAVMEKY
-1,-SESMSHVTAHFGKALAKCREESGLTPEILDEFQNFWREDFEVVHRELGCALICMSNNFELYNDDVRIHHDNMHDYIKSFPKGEELSPKMVELLHNCEKQFDDIVDDCDRVVKMAACFKRDAKAAGIAPEVAMIEAVMEKY
-1,-AEVMSHVTAHFGKALEECRQESGLSTEIMEEFKHFWSEDFEVVHRELGCAIICMSNKFSLLQDDTRIHHVNMNDYVKNFPNGEILAQKMVDLIHNCEKQYDDITDECSRVVKVAACFKVDAKRDGIAPEVTMIEAVMEKY
-1,TAEVMSHVTAHFGKALEECREESQLSAEILEEFKHFWSEDFEVVHRELGCALICMSNKFSLLQEDTRIHHINMHDYVKSFPNGEVLSAKMVELLHNCEKQYDTITDDCERTVKMAACFKKDAKAEGIAPEITMIEAVMERY
-1,TAEVMSHVTAHFGKALDECREESGLSTEVLEEFKHFWSEDFEVVHRELGCALICMSNKLSLLHDDTRVHQVNMHDYVKSFPNGEALSEMMVKLIKNCERQYDNIKDDCDRTVKVAACFKADAKKEGVAPEITMIEAVMEKY
-1,-AEIMSHVTAHFGKSLEECREESGLTPEILEAFQHFWSEDFEVVHRELGCALICMSNKFALMQEDARMHHMNMHDYVKGFPQGELLSSKMVELIHNCEKQFDDMEDDCSRVVKVAACFKVDAKKEGIAPEVTMIEAVLEKY
-1,-AEIMSHVTAHFGKSLEECREESGLTPEILEAFQHFWSEDFEVVHRELGCALICMSNKFALMQEDARMHHMNMHDYVKGFPQGELLSTKMVELIHNCEKQYDQMEDDCSRVVKVAACFKVDAKKEGIAPEVTMIEAVLEKY
-1,TAEVMSHVAAHFGKALNECREESGLSPNILEEFHHFWSEDFEVVHRELGCALICMSNKLTLLQDDVRMHHLNMHDYVKSFPKGDVLSAKLVELIHNCEKQYNEIPDDCDRVVKVAACFKDDAKKAGIAPEVAMIEAVLEQY
-1,TAEVMSHVTAHFGKALEECREESGLSAEVLEEFQHFWREDFEVVHRELGCAIICMSNKFSLLQDDSRMHHVNMHDYVKSFPNGHVLSEKLVGLIHNCEKQFDSMTDDCERVVKVAACFKVDGKATGIPPKVAMIEAVMEKY
-1,TQEVMSHVTAHFGKALEECREESGLSAEILEEFQHFWREDFEVVHRELGCAIICMSNKFSLLKDDSRMHHVNMHDYVKGFPNGEVLSARLVELIHNCEKQYDSLPDDCDRVVKVAACFKVDSKAAGIAPEVAMIEAVMEQY
-1,-AEVMSHVTAHFGKTLEECREESGLPMEVMEEFKQFWHEDFEVVHRELGCAIICMSNKYTLMKEDSRLHHDNMDAYVKSFPNGEILSKKMVELLHNCEKQYDDITDDCTRVVKSAACFKRACQDLNLAPEVAMVEAVMEQY
-1,TAEVMSHVTAHYGKSLEECRKETGLSKEILEEFKHFWSDDFEIVHRsrsPFGCTLICMSNKFALLQDDARMHHINMNDYVKGFPEGDVLADKLVQMIHKCEKEYDDIKDDCDRVVKVAACFRADAKKEGIAPEVAMIEAVMEQY
-1,-AEVMSHVTAHFGKALEECREESGLKTEVMEEFKHFWSADFEVVDRELGCAIICMSNKFSLLQEDTRIHHVNMDEYIKSFPNGEVLSQRMVQMIHNCEKHYDDIADECDRVVKVSACFKADAIKEGIAPEVAMIESVMEKY
-1,TAEVMSLVTAHFGKALEQCREESQLSPEVLDEFHNFWREDFEVVHRELGCAIICMSNKFSLLQDDARMHHDNMHDYILSFPKGDVLSAKMVELIHNCEKQYDDISDDCSRVVKVAACFKVGATQAGIAPEVAMIEAVLEKY
-1,---VMSHVTAHFGKTLEECREESGLSSDIMEEFHHFWNEEFEVVHRELGCAIICMSNKFSLLKEDQRMHHMNMHDYIKSFPNGEILSELMVDMIHNCEKPNDDIEDDCVRVVKTAACFKEESKKKGIAPEMAMIEAVLEKY
-1,---VMKDVTLGFGQALDKCREESQLTEEKMEEFFHFWRDDFKFEHRELGCAIQCMSRHFNLLTDSSRMHHDNTEKFIQSFPNGEVLARQMVELIHSCEKQFDHEEDHCWRILHLADCFKSSCVQRGIAPsmELMMTEFIME--
-1,---VMKDVTLGFGQALDKCREESQLTEEKMEEFFHFWRDDFKFEHRELGCAIQCMSRHFNLLTDSSRMHHDNTEKFIQSFPNGEVLARQMVELIHSCEKQFDHEDDHCWRILHVAECFKGSCVQRGIAPsmELMMTEFIME--
-1,TAEALSHATADFGMALEECRGESGLTKETMDEFKIFWSEDFEVVHRELGCALICMSNKLALMHDDARMHHTNMHDYILSFPEGELLSKKMVQMIHTCEKQYDDIEDDCSRVVKVAACFKVMAKEDGIAPEVTMIEAVLEKY
-1,---VMKDVTLGFGQALDKCRQESQLTEEKMEEFFHFWRDDFKFEHRELGCAIQCMSRHYNLLTDSSRMHHDNTEQFIKSFPNGEVLARQMVELIHSCEKQYDHEDDHCWRILHVADCFKQGCVQRGIAPsmEMMMTEFIME--
-1,--EVMKDVTLGFGEALKQCRESTQLTEEKMEEFFHFWRDDFKFEHRELGCAIQCMSQHFNLLTDGQRMHHENTDKFIKSFPNGEILSQKMVQLIHTCEKQFDDMDDHCWRILRIAECFKTGCKAAGIAPsmEMIMAEFIME--
-1,TADIMKDVTLGFGEALQHCREESQLTEEKMEEFFHFWREDFKFEAREVGCAIKCMSRYFNLLTDSHRMHHENTDQFIKSFPNGEVLSKQMVEIIHTCEKKFDEEEDHCWRILRVAECFKHTCIERNIAPtmELLMAEFIME--
-1,--EVMKDVTLGFGEALQHCRETSGLTEEKMEEFFHFWRDDFKFEHRELGCAIQCMSRHFNLLTDGERMHHENTDKFIKSFPNGEVLSQKMVTLIHSCEQKFDDMDDHCWRILRIAECFKSSCQELGIAPtmEMMMAEFIME--
-1,---VMKDVTLGFGQALDKCRQESQLTEEKMEEFFHFWRDDFKFEHRELGCAIQCMSRHFNLLTDSSRMHHENTEQFIQSFPNGEVLARHMVELIHACEKQHDHEEDHCWRILHVAECFKQACVQRGVAPsmEMMMTEFIME--
-1,---VMKDVTLGFGQALEQCREESQLTEEKMEEFFHFWNDDFKFEHRELGCAIQCMSRHFNLLTDSSRMHHENTDKFIKSFPNGEILSQKMIDMIHTCEKTFDSEPDHCWRILRVAECFKDACNKSGLAPsmELILAEFIME--
-1,TAEIMKDVTLGFGEALQHCREESQLSEEKMEEFFHFWREDFKFEDRELGCAIKCMSSHFNLLTDSHRMHHENTDKFIKSFPNGEVLSKQMVEMIHACELQHDATEDHCWRILRVAECFKLSCTKRGVAPtmELLMAEFIME--
-1,---VMKDVTLGFGEALEHCREESQLTPEKMEEFFHFWREDFKFEHRELGCAIHCMSKYFNLLTDASRMHHENTHKFITSFPNGEVLASQMVQMIHTCEKQFDSEPDNCWRILRVAECFKKSCQDKGIAPtmEMLLAEFIME--
-1,TVDVMKDVTLGFGEALKQCRETSQLTEEKMEEFFHFWREDFKFEHRELGCAIQCMSKYFNLLTDGERMHHENTDKFIKSFPNGEVLSKQMVALIHACEQQHDAEPDHCWRILRVAECFKEGCQQRGIAPtmEMLMAEFIME--
-1,TVEVMKDVTLGFGEALEHCRESSGLTEEKMEEFFHFWHDDFKFEHRELGCAIQCMSRHFNLLTDGQRMHHENTDKFIKSFPNGEVLSKTMVTLIHSCEQKFDDMEDHCWRILRIAECFKSGCQERGLAPsmEMMMAEFIME--
-1,--EVMKDVTLGFGEALQHCREESQLTEDKMEEFFHFWRDDFRFEDRELGCAIKCMSTHFNLLTDSHRMHHENTDKFIKSFPNGEALSQLMVEVIHSCEQRHDAEADHCWRILRVAECFKTSCQARGIAPtmELLMAEFIME--
-1,TVEVMKDVTLGFGEALQHCREESQLTEEKMEEFFHFWREDFRFEHRELGCAIKCMSHHFNLLTDSHRMHHDNTHQFIKSFPNGELLAAQMVAIIHDCEKAQESEEDHCWRILRVAECFKHTCTQRGLAPsmEVLMAEFIME--
-1,--EVMKDVTLGFGEALQHCREESQLSEDKMEEFYHFWRDDFKFEDRELGCAIMCMSRYFNLLTDTQRMHHDNTREFIKSFPNGEILEHQMVDIIHTCEKQHDASEDHCWRILRVAECFKSTCQQNGIAPdmEMLMAEFIME--
-1,TADIMKDVTLGFGEALQHCREESQLTEEKMEEFFHFWREDFKFEDREVGCAIKCMSGYFNLLTDSHRMHHDNTDKFIKSFPNGEVLSKQMVEMIHTCEKKFDDVEDHCWRILRVAECFKHSCVERNIAPtmELLMAEFIME--
-1,---VMKDVTLGFGQALDKCRQESQLTEEKMEEFFHFWREDFKFEHRELGCAIQCMSRHFNLLTDTSRMHHENTEQFIQSFPNGEVLARQMVELIHACEKQHDHEEDHCWRILHVAECFKQACVQRGIAPsmEIMITEFIME--
-1,---VMKDVTLGFGEALNHCREESGLTSEKMEEFFHFWRDDFKFEHREVGCAIHCMSRYFNLLTDSSRMHHENTDKFIKSFPNGEILATQMIDIIHTCEKTFDHEEDDCWRILHMAECFKNTCKQKGIAPtmELLLAEFIME--
-1,--EVMKDVTLGFGEALQHCREESQLSEDKMEEFFHFWRDDFKFEDRELGCAIKCMSAHFNLLTDSHRMHHENTDKFIKSFPNGEVLSQQMVQLIHECEQQHDAEAEHCWRILRVAECFKLGCQRRGIAPtmELLMAEFIME--
-1,TGDVMKDVTLGFGEALQHCREESQLSEDKMEEFFHFWRDDFKFEDRELGCAIKCMSAHFNLLTDSHRMHHDNTDKFIKSFPNGEVLSQQMVQLIHECELQHDAEEEHCWRILRVAECFKHACQRRGIAPtmEMLMAEFIME--
-1,--EVMKDVTLGFGEALQHCREESQLSEDKMEEFFHFWRDDFKFEDRELGCAIKCMSAHYDLLTDSHRMHHENTDRFIKSFPNGEVLSQQMVQLIHECEQQHDAEEDHCWRILRVAECFKGACQRHGIAPtmEMLMAEFIME--
-1,TVEVMKDVTLGFGEALKYCREESQLSEEQMEEFFHFWRDDFKFNLREIGCAIRCMSHHFNLLTDSHRMHHDNTDKFIKSFPNGELLSQKMVTLIHECEKQFESEEDHCWRILRIAECFKTGCKQQGIAPtmEMIMAEFIME--
-1,--EVIKDVTLGFGEALQHCREESQLSEDKMEQFFHFWRDDFKFEDRELGCAIKCMSSHFNLLTDSHRMHHENTDKFIKSFPNGEILSKKMVNIIHSCEQQHDTMDDHCWRILRVAECFKLTCQGEGIAPtmELLMAEFIME--
-1,---VMKDVTLGFGQALEKCREESQLTEEKMEEFFHFWSEDFKFEHRELGCAILCMSRHFNLLTDSSRMHHENTDKFIKSFPNNEVLSKHMVNLIHSCEQQHDADLDHCWRILRVAECFKRSCQEAGVAPsmELLMAEFIME--
-1,TAEIMSHVTAHFGQTLEECREESGLTMDMMEAFAHYWSEDFgkATVQREFGCALICMSHKFSLLQDDVRLHHLNMDDYIRSFPNGELLSTKMVSMIHECERQYDSVEDDCDRIVDVSLCFRSAAQREGIAPNLAMVEAALEQY
-1,----MKDVTLGFGQALEKCREESQLTQDKMEEFFHFWREDFTFEHRELGCAIRCMSQHFNLLTDASRMHHENTHKFIKSFPNGEVLAQQMVSIIHSCEQQHDTEADHCWRILRVAECFKHSCQQAGVAPsmELMMTEFIM---
-1,---VMKDVTLGFGEALEHCREESGLTSDKMEEFFHFWREDFKFEHRELGCAIHCMSRHFNLLTDASRMHHDNTHKFIKSFPNGEILASQMVELIHSCEKKFDHEEDHCWRILHVAECFKMSCQEKGLAPtmEMLLAEFIME--
-1,---VMKDVTLGFGQALEQCREESQLTEEKMEEFFHFWREDFKFEHRELGCALQCMSRHFNLLTDSSRMHHENTDKFIKSFPNGAVLSKTMVELIHNCELQHDAEEDHCWRILRVAECFKISCTKAGIAPsmEVMMAEFIME--
-1,TAEIMSHVTAHFGQTLEECREESGLTMDMMEAFAHYWSEDFgkATVQREFGCALICMSHKFSLLQDDVRLHHLNMDDYIRSFPNGELLSTKMVSMIHECERQYESVEDDCDRIVDVSLCFRSAAQREGIAPNLAMVEAALEQY
-1,TQEVLKDVTLGFGEALEHCRESTGLTTEKMEEFFHFWSDDFKFELREVGCAIQCMSKYFNLLTDGERMHHENTDKFIKSFPNGEVLAKQMVTLIHTCEQQFDDMEDHCWRILRIAGCFKTGCQERGIAPsmELIMAEFIME--
-1,---VMKDVTLGFGEALEHCREETALTTEKMEQFFHFWRDDFKFEHREVGCAIHCMSRYFNLLTDSHRMHHENTEKFIKSFPNGEVLAKQMVEIIHTCEKKFDHEEDHCWRILHTAECFKITCQERGIAPtmELLLAEFIME--
-1,---VMKDVTLGFGAALEHCRDESGLTEDQMEEFYDFWGEDFKFEMRELGCAIKCMSRYFNLLDDDHRMHHGNTREFIKSFPNGEVLAHQMVEIIHGCEQQHDAQEDHCWRILRTAECFKHVCHQRNLAPsmELLMAEFIME--
-1,--EVMKDVTLGFGEALKHCREQSQLTEEMMEEFFHFWRDDFKFEQREVGCAIHCMSHYFNLLDDTHRMHHQNTHKFIKSFPNGEVLSQQMVGIIHTCEQAHDKEPDNCWRILRIAECFKKECQAQGIAPtmELLMAEFIME--
-1,--DVMKDVTLGFGEALKLCREESQLTEEKMEEFFHFWRDDFKFDDRAVGCAIKCMSSHFDLLTDSHRMHHRNMDNFIKSFPNGEVLSQQMVTLIHECEQQHDSEEDHCWRILRVAECFKSSCKKHGIAPtmELLMAEFVME--
-1,--DVMKDVTLGFGEALQHCREESQLSEDKMEEFFHFWRDDFKFEDRELGCAIKCMSSHFNLLTDSHRMHHENTDKFIQSFPNGEVLSKLMVELIHKCEQHHDAESDHCWRILRVAECFKVSCQAQGIAPtmELLMAEFIME--
-1,--SVMKDVTLGFGQALDKCRQESDLTEEKMEEFFHFWRDDFKFEHRELGCAIQCMSRHFNLLTDSSRMHHDNTEQFIQSFPNGEVLARQMVSLIHGCEKQFDHEEDHCWRILHVAECFKHACVATGVAPsmEMMMTEFIME--
-1,---VMKDVTLGFGQALDKCRQESDLTEEKMEEFFHFWRDDFKFEHRELGCAIQCMSHFFNLLTDSSRMHHGNTEEFILSFPNGEVLARQMVELIHTCEKQFDHEQDHCWRILHVAECFKSACVAHGIAPsmEMMMTEFIME--
-1,--DVMKDVTLGFGEALQHCREESQLSEDKMEEFFHFWRDDFKFEDRELGCAIKCMSSHFNLLTDSHRMHHENTDKFIQSFPNGEVLSKLMVDLIHKCEQHHDAEEDHCWRILRVAECFKVSCQAQGIAPtmELLMAEFIME--
-1,---VMKDVTLGFGQALDKCRQESQLTEEKMEEFLHFWREDFKFEHRELGCAIHCMSRYFNLLGEQQRMHHDNTHKFIQSFPNGEVLSHQMVGIIHTCEQQHDAETDDCWRILRVAECFKRESQAQGLAPsmEMLMAEFIME--
-1,---VMKDVTMGFGEALEKCREESQLSEEKMEEFFHFWREDFKFEHRELGCAIKCMSTHFDLLTDSHRMHHENTDKFIKSFPNGEVLAKQMVGIIHECEQKFDHETDHCWRILRVAECFKVTCMTTGIAPtmEMLMAEFIME--
-1,-SDIMKDVTLGFGEALQHCREESQLTENQMEQFFHFWRDDFKFEDREVGCAIQCMSRYFNLLTDSHRMHHEKTEEFIKSFPNGEMLSKQMIEIIHSCEKKHDAEPDHCWRILRVSECFKATCQERNIAPtmEMLMAELIME--
-1,-SDVVKDVTLGFGEALKFCREESQLTEDKMEEFYHFWHDDFKFEHRELGCAIKCMSSHFNLLTDSNRMHHENADKFIKSFPNGEVIAETMITAIHNCEKQFDSEPDHCWRILRIAECFKNACKEKGLAPtvEMIMAEFIM---
-1,---VMKDVTLGFGQALDKCRQESDLTEEKMEEFFHFWREDFKFEHRELGCAILCMSRHFNLLTDSSRMHHGNTEQFIQSFPNGEVLAQQMVLMIHSCEKQFDNEEDHCWRILHVAECFKQACVSKGVAPsmEMMMTEFIME--
-1,---VMKDVTLGFGQALDKCRQESQLSEEKMEEFFHFWRDDFKFEHRELGCAIQCMSRHFNLLTDSSRMHHENTEKFIQSFPNGQVIARQMVELIHGCEKQHDLKEDHCWRILHVAECFKQACVDRGIAPtmEMMITEFIME--
-1,TVEVMKDVTLGFGEALQHCRETSQLTEEKMEEFFQFWRDEFKFEHRELGCAIQCMSRHFNLLTDSSRMHHENTDKFIKSFPNGEVLARQMVKLIHSCEQQFDHEEDHCWRILKVAECFKIGCQAQGIAPsmEMIMAEFIME--
-1,---VMKDVTLGFGQALEKCREESGLTDEKMEEFFHFWHDDFKFVHRELGCAILCMSRHFNLLTDTSRMHHENTDNFIRSFPNGEILAKKMVEIIHTCELRFEDEPDHCARILRIAECFRDTCKSADLAPtmEILMAEFIL---
-1,--DVMTNLSIQFAKPLEACKKEMGLTETVLKDFYNFWIEDYEFTDRNTGCAILCMSKKLELMDGDYNLHHGKAHEFARKHGADETMAKQLVDLIHGCSQSVATMPDECERTLKVAKCFIAEIHKLKWAPdvELLMAEVLNE--
-1,--EVMKDVTLGFGEALQHCREQSQLTEEKMEEFFHFWRDDFKFEHRELGCAIWCMSRHFDLLTDSHRMHHENTDKFIKTFPNGDVLSKQMVTIIHACEQKYEEETDHCWRILHVAECFKKTCTDQGIAPtmEMLMAEFIME--
-1,-ADIMKDVTLGFGEALQHCREESQLTEEKLEEFFHFWRDDFKFEDRELGCAIKCMSRHFNLLTDSHRMHHENTNKFIQSFPNGEMLSKQMVQIIHTCEQKFDSVEDHCWRILRIAECFKLACVAADIAPsmELLMAEFIME--
-1,TVDVMKDVTLGFGEALQHCREESQLTEEKMEEFFHFWREDFRFDARELGCAIKCMSHHYNLLTDSHRMHHENTHEFVKSFPNGEVLAAEMVSIIHGCEQQHHSEPDHCWRILRVAECFKVTCLRRSLAPtmELLMAEFIME--
-1,TSDIMKDVTLGFGEALQHCREESQLTEDKMEEFFHFWREDFRFDERALGCAIQCMSRHFDLLTDAHRMHRENTDRFIKSFPNGEALSQQMVDMIHACEAQHDAEPDHCWRILRVAECFKASCQQRGIAPtmEQIMAELIME--
-1,---VMKDVTLGFGQALEVCREESQLSQDVMEEFFHFWREDFKFESRAVGCALQCMSRHFNLLTDSSRMHHENTHRFIESFPNGSVLAKQMVSLIHGCEQQHEAEPDHCWRILRVAECFKRRCQEAGIAPsmEIIMAEFIME--
-1,---VMKDVTLGFGQALEKCREESGLTDEKMEEFFHFWHEDFKFVHRELGCAILCMSRHFNLLTETSRMHHENTDNFIKSFPNGEILAAKMVEIIHTCELRFENEADHCARILRIAECFRDTCKSVDLAPtmEILMAEFIL---
-1,--EVMKDLTSGFIKVLEECKKELNLSESIINDLYNYWKEDYSLLNRDVGCAIVCMSKKLELIDTSGKIHHGNAEDLAKKHGADSEVAAKLVAILHECEKTHDAIEDQCMKALEIAKCFRTNIHELNWAPkmDVVITEVLTE--
-1,---VMKDVTLGFGQALEKCREESGLTEEKMEEFFHFWHDDFKFVHRELGCAILCMSNHFNLLTETSRMHHENTDKFIKSFPNGEILAKQMVEMIHTCELRFESEPDHCARILLVAECFRDTCKSTNLAPtmEILMAEFIL---
-1,TSDIMKDVTLGFGEALQHCREESQLTEDKMEEFFHFWSEDFRFEERAVGCAIQCMSRYFDLLTDSHRMHRENTDRFIKSFPNGEVLSQQMVDMIHACEVQHDTEPDHCWRILRIAECFKASCQQRGIAPtmEQLMAELIME--
-1,---VMKDVTLGFGEALDKCRQESQLTEDKMEEFFHFWQDDFKFEHRELGCAIQCMSRHFNLLTDSSRMHHENTAKFIKSFPNGEVLARQMIELIHLCEQKFDHEEDHCWRMLHTAECFKASCVERNIAPtmELMLAEFIME--
-1,---------------------QSGLSPEILEEFQHFWSEDFEVVHRELGCAIICMSNKFSLLQEDTRMHHVNMHDYVKSFPNGQVLSEKLVQLIHNCEKQYDSITDDCERVVKVAACFKVDAKKEGIAPEVAMIEAVMEKY
-1,----MSHVTAHFGQMLEDCREESGLTVDMMAAFAHYWSDEFPTSSvqREFGCALICMAHKFSLLKDDVRMHRVNMDDYIRSFPDGELLSDKMIDMIHECERQHDAMEDDCDRIMNISLCFRRAALRDGIAPSLAMVEAVLDQY
-1,-ADIMKDVTLGFGEALQHCREESQLTEEKLDEFFHFWRDDFKFEDHELGCAIKCMSRHFNLLTDSHRMHHENTDKFIQSFPNGEMLSKQMVQIIHTCEQKFDSVEDHCWRILRIAECFKLACIAADIAPtmELLMAEFIME--
-1,----MSNVNAHYGKTLEMCREEAQISPEIMQEWHHIWDDDFEVVQREIGCAIICMSHKFSLLQDDNRMHHESMFDYIRSFDNGDVLSATVVELFHNCEKQYEDIEDDCSRVTKVMACFKVEAKKAGIAPEVAMIEAVLEKY
-1,-ADIMKDVTLGFGEALQHCREESQLTEEKMEEFFHFWRDDFKFEDHELGCAIMCMSRHFNLMTDSHRMHHENTDKFIKSFPNGEMLSKQMVQIIHTCEQQFDSVEDHCWRILRISECFKLACIAADIAPsmELLIAEFIME--
-1,----MKDVTLGFGEALQHCREESQLTEDKMEEFFHFWREDFKFEERALGCAIQCMSRHFDLLTDTHRMHRENTDRFIKSFPNGEVLSQQMVDMIHACEAQYDTEPDHCWRILRVAECFKASCQQRGIAPtmEQLMAELIME--
-1,TAEVMSHVTAHFGKALEQCREESQLSPEILEEFQHFWREDFEVVHRELGCAIICMSNKFSLLQDDARMHHENMHDYVKGFPQGDVLSAKMVELIHNCEKQFDDMTDECERVVKVAACFK----------------------
-1,--DIIKQMTINFGKALDSCRKELDLPDSINADFYNFWKEGYELSNRQTGCAIMCLSSKLDLVDPEGKLHHGNTHEFAKKHGADDAMAKQLVDLIHKCESDVPDDPDPCLKVLNIAKCFKAEIHKLNWAPsmDLIMAEVLAE--
-1,-AETMKNISSGFIKVLDECKQELNLGEHILNDFYHFWKEDYSLLNRETGCAIICMSKKLDLLDPDGNLHHGNAKEFAMKHGAEEEVASKMITLVHECEKQHTGVEDECLRKLEVAKCFRSGIHQLNWAPnmDVIVTEVLTE--
-1,--DILKKMTVNFGKALEACKKEIDLPDSVNAELYNFWKEDYQLTNRQAGCALVCMSTKLDLVDPDGNMHHGNAHEYAKKHGADDATAKQLVEMLHTCEKSVGKMDDNCERALAIARCFKAEIHKLKWAPD-----------
-1,-ADIMKDLTANFGKALSECKKELDLPDSINADFYNFWKEDYELSNRFTGCAIMCLSTKLELVDSEGKLHHGNAHDFAKKHGADDDMAKQLVDLIHGCEKSVPPNEDACLNVLEIAKCFKKEIHKLNWAPDM----------
-1,--DVMKQMTINFGKALDTCRKELDLPDSINADFYNFWKEGYELSNRQTGCAIMCLSSKLDLVDPEGKLHHGNTHEFAKKHGADDSMAKQLVELIHKCEGSVADDPDACMKVLDIAKCFKAEIHKLNWAPSM----------
-1,--EIMKEMTVNFGKALADCKKEMGLPDSIDADFYNFWKEDYEVSNRYTGCAIICLSTKLDLVDPDGGLHHGNAHEFAKKHGADDAMAKQLIDIIHQCEKSTPRNDDGCIMMLGIAKCFKAEIHKLDWAPSMDLM-------
-1,--KLMTDLTLGFGQALDHCRKESGLTEEQMEEFFHFWSEDFQMVHRELGCAMSCMSHYFNLVSDVNRMHHENTKQFIKSFSNGEQLADLLITIVHDCEKQFEHEQDNCWRVLHIAQCFREQCNARNLAPtmEMLLAEFIM---
-1,----MSNVNAHYGKTLEMCREEAQISREVMPEWHHIWDDDFEVTQREIGCAIICMSHKFSLLQDDNRMHHDSMFDYIRSFDDGDALSAKVVELFHNCEKQFEHMEDDCSRVTKVMACFKVDAKKAGIAPEVAMIEAVLEKY
-1,----MSHVTAHFGQTLEECREESGLTTDMMAAFAHYWSEDFgkATVPREFGCALICMSHKLSLLQHDVRLHRLNMDDYIRSFPNGDLLSKKMVDMIHECERQHDTVEEDCERIVNVSLCFRSAAQREGIAPNLAMVEAALEQY
-1,-SDTMKTITSGFLKVLEECKQELNLQGHVISDLYHYWKEDYSLLNRDTGCAIICMSKKLDLIDSSGKLHHGNTQEFATRHGAASEVASKLVEILHACEKKHDAIEDECMRALEIAKCFRTDIHQLNWAPkmDVIITEVLTE--
-1,--EVMKNLTMNFNKALDVCKKELDLPDSINADFYNFWKPDYEVTNRLTGCAIMCLSTKLELFDPDGKLHHGNAKEFAMKHGADDSMAQQLVDIVHKCENDIPNNEDPCLKVLDIAKCFKTEVHKLNWAPdmELMMGEVLAE--
-1,--DVMKEMSINFGKALDTCKKELDLSDSINSEFYNFWKEDYQLSNRQTGCAIICLSSKLNLLDENLNLHHGNAHEFAKKHGADDAMAQQLLDLIHQCEKTAPKEPDECIQALNVSKCFKAEIHKLDWAPSM----------
-1,-SNIMKNLSLKFGEAMSICKAELNLPDSINEDFYNFWKPDYELQHRETGCMIHCLSTKLNLIDPEGKLHHGKAKEFAMSHGADEGMAQQLIDIIHNCENSTPQNEDGCLMVLAVAKCFKVEIHKLNWTPSMDMV-------
-1,---------------------QSGLSAEVLEEFQHFWREDFEVVHRELGCAIICMSNKFSLMQEDSRMHHVNMHDYVKSFPDGQVLSEKMVGLIHNCEKKYDDLEDDCDRVVKVAACFKRDAKRDGIAPEVTMIEAVMEKY
-1,----MKNLTSGFFKVLEECKEELQLPGHIISDFYHYWKEDYSLLNRDMGCAIICMSKKLDLIDASGKLHHGNTQEFATKHGAASDVATKLIEILHGCEKTHEAVEDECMRALEIAKCFRTDIHQLNWAPkmDVIVTEVLTE--
-1,--EVMKNLSLNFGKALDECKKEMTLTDAINEDFYNFWKEGYEIKNRETGCAIMCLSTKLNMLDPEGNLHHGNAMEFAKKHGADETMAQQLIDIVHGCEKSTPANDDKCIWTLGVATCFKAEIHKLNWAPSM----------
-1,--DVMKNLSSGFGKVLEKCKNELNVGDHIMKDFYNYWREDYELVNKDMGCVIMCMATKLDLITDEMKMHHGKAHEFAKSHGADDTMAKQLVAIIHECENTHADIGDDCSRVLEISKCFRSKIHDLKWAP---PMEVIIEE-
-1,--DLMQKMTVNFGRAFEVCKKELDLPDSLNQEFFNFWKEDYQLTNRQAGCALLCMSKKLDLVDPEGNMHHGNAQEYAKKHGADDAVAKQLVDLIHGCEKTAAKIEDECERALNIATCFKAEIHKLKWAPDMEVVLA-----
-1,--ETMKDITSGFFKVLNECKHELNLPDHLVGDFYHYWRQEYALLDRDLGCAILCMSRKLELIDASGKLHHGNTQEFAEKHGADNSMASKLVEVLHACEKQHSGISDDCQRALEVAKCFRSSVHELGWAP---TIDVIIEE-
-1,--ELMMKMTKGFTKVVDECKAELNAGEHIMQDMYNYWREDYQLINRDLGCMILCMAKKLDLMEDQ-KMHHGKTEEFAKSHGADDEVAKKLVSIIHECEQQHAGIADDCMRVLEISKCFRTKIHELKWAPN---MEVIMEE-
-1,--KIMTDVTLGFGQALEHCREESGLTEDKMEEFFHIWHQEFKFVDRELGCALHCMSKYFNLITDANKLHHENTDKFIRSFPNGEVLASKLVSLIHECEKQFEEVEDHCMRTLRIGECIRDSCLQRSLAPsmEMLLAEFIM---
-1,--EVMKNLCLNFGKALDECKAEMNLSDSIKDDFANFWVEGYEVSNRDTGCAILCLSKKLDMIDPDGKLHHGNAMEFAKKHGADEAMAKQLLDIIHNCENSTPPNDDACLKTLDIAKCFKKEIHKLNWAPNM----------
-1,----MSHVNAHFGKTLEMCREEANISREIMEEWHHVWDDNFEIVHREIGCVLICMSHKFSLLQDDHRMHHNSMHDYIRSFENGDNLSAMVVELFHGCEKQFEDIADDCSRVTKVMACFKVAAKEADIAPEVTLIEAVLEKY
-1,--DIMKKLTAGFSEALEKCKNELNVGDHILQDFYNFWREDYELVNREMGCVVMCMASKFDLINEELKLHHGNAHQFAKTHGADDTMAQQLVTMIHDCEKNHVSIADDCSRVLEISKCFRTKIHELKWAPS---MEVVLEE-
-1,--ETLKSITYSFLKVLEECKHELNLTDNILVDLYHFWKEDAALIKRDTGCAIACMSKKLDLVDPSGKLHHGNAQEFALKHGADEEVARKLVTMVHECEQKHEVNDDLCLRALEIAKCFKGGIHELNWAPkmEVMVGEVLTE--
-1,--EIMKKLTLGFSKALDQCKKEMNIQDHIMQDFYNFWREEYSLVNREMGCAMLCLASKLDLVTDDNKLHHTNAREFAKSHGADDDLAKQLIDMIHECEKVHEGIQDDCVKVLEIAKCFRTKIHDLKWAPS---METVLEE-
-1,---VMKDITLGFGAALEHCREESGLTQENMEEFFDFWREDFKFEHRELGCALRCMSRYFNLITDTNRMHHENTENFIKSFPNGEKLSKVLVQVIHECEKKFDHEEDHCWRILHIGECFRDMCRSQNIAPamEMLLAEFIM---
-1,-ADIMKELSINFGEALDTCKKELDLPDSINMDFYNFWKEDYEITNRLTGCAIKCLSEKLEMVDADGKLHHGNAHEFATKHGADDAMAKQLVDLIHGCEKSVPANDDACLVVLSIANCFKKEIHKLNWAPNM----------
-1,-SDAMKAITSGFLKVLEQCKQELNLQGHVISDLYHYWKEDYSLLNRDTGCAIICMSKKLDLIDASGKLHHGNTAEFAAKHGAASEVASKLVEILHACEKTHDAIEDDCMRALEIAKCFRTDINQLNWTPkmDVIITEVLTE--
-1,--EIMKKLTTGFVKAMEECKAELNLGDHIIQDFMNYWREEYELLNRDTGCAIMCMASKHDLITEDMKIHHENAHEFAKSHGADDDLAKQLVQMIHDCEKQFTDITDDCSKTLEISKCFRTKIHELKWAPS---METILEE-
-1,--SIMKDVTFGFGQALDKCREESQLTEEKMEEFFHFWSKDFKFEHRELGCAILCMSRSYNLVTDASRMHHKNTIDFIHSFPNGEVIAQRMVNIIHECEKRFDHEQDDCWRILHIAECFKDECVRTDLAPtmEFMMAEMIME--
-1,--EIMKKLTTGFSKALEECKQEMGFGEHIMKDFYNYWKEDYELLNRETGCAIMCMASKFDLIADDMSLHHQNAHEFAKTHGADDDMAKQLVNMLHDCEKVHDSIVDNCSKTLEISKCFRTKIHELKWAPS---MEEILEE-
-1,--EVMKKLTTGFGKALEECKKELGLGEHIMNDFYNYWREDYELLNRDTGCAIMCMASKFDLISDDMNLHHKNAHEFAKTHGADDNLAKQLVDMLHECEKAHSNVSDNCSKTLEISKCFRRKIHDLKWAPS---MEEILEE-
-1,--EIMTQLTTGFMKALGACRKELNLSDHIMQDFMNFWREEYELVNRELGCAISCIASKLDLLGDDFKMHHGNAHEFAMKHGADDELAKQLVTMIHGCEKGNEGGDDDCQRMLEIAKCFRTKIHELKWAPS---MEVILEE-
-1,---VMTDVTLGFGQALEQCREESGLSEEKTEEFFHFWSEDFKLEARELGCALRCMSSHFNLITDSNRMHHANAEKFVKSFPNGEVLAKQLVGMLHECEKKHHDEEDNCFRVLHMAACFREACRGASLAPtmEMLLAEFIM---
-1,---VMKQLTVGFMKAMDVCRKEMNLGDHILQDFMNFWREEYELVNRELGCAITCIVVKLNLITEDFKMHHDNAREFAIKHGADEDIAKQLVSIIHDCERSNEAESDECLRVLEISKCFRTKIHQLNWAPS---MEVLLEE-
-1,--DVMKNLSSTFGKVLEECKNELNVGDHIMKDFYNYWREDYELLNKDMGCVIMCIASKLDLLTDEMKMHHGKAHEFVKSHGADDTMAKQLVTITHECENTHAGIGDDCSRVLEISKCFRSKIHDLNWAP---PMEVIIEE-
-1,--EVMKKLTTGFAKALDQCKEELGLGDHIIQDFFNYWREEYELVNRDMGCAIMCMASKLDLITDDMKIHHGNAHEFAKSHGADDDMAKQLVNIIHECEKVHVGVVDDCMKTLEIAKCFRTKIHDLKWAPS---METILEE-
-1,--EIMKNLTAGFGKALETCKQELNLGDHIIQDFYNYWKEEYDLVNADTGCAIMCMASKLDLITDDRKLHHGNAHEFAKSHGADDDMAKQLVVMIHECEKTHAEVSDDCARTLEIAKCFRTKIHVLKWAPS---METIIEE-
-1,--DVMKKVTVHFSKALETCKKELDLPDAINTDFFNFWKEDYELQNRLTGCALMCMSSKLDLVDPEGKLHHGNAHEYAKSHGADDSVAKQLVDLLHGCESSTAQSDDDCSRVLGIAKCFKAEIHKLKWAPdmEVVMAEVL----
-1,-ADVMREMTLRVGKVIEACKTELDIPDNKMEDFVNFWKEGYELQHRETGCVVMCMSSKLNLLDPDGKLHHGNAHEFAVSHGADDGMASQLVNLVHGCENSIPNNEDACLKVLDLARCFKDGVHKLNWAP--NMDLVIGE--
-1,----MKYITSGFVKVLEECKRELNMNDHIMADLYHYWKLDYSLLNRDTGCAIICMSKKLDLMDANGRMHHGNAQEFAIKHGAGDDIASKIVTIIHECEKKHERDDDECLRVLEVAKCFRTGISELDWTPkvEVIMGEVLTE--
-1,--DLMAKMTKGFTRVVDDCKTELNVGDHIMQDMYNYWREDYQLINRDMGCMLLCMAKKLDLMDDQ-TMHHGKTEDFAKSHGADDDVAKKLVSVIHECEQQHTGIADDCMRVLEVAKCFRTKIHELKWAPS---MEVIMEE-
-1,-AEIMKKMTLGFSKALEQCKQEMKFGDHIMQDFYNFWKEDYELLNADVGCAIMCMASKFDLINEENRLHHINAHEFAKSHGADDDMAKQLVTMIHDCENVHADIADDCKKTLEIAKCFRTKIHGLKWAP---TMEVVLEE-
-1,--EVMTKLTGGFAKVLESCKNELGIGDSIVQEFYGYWREDYALVNRDMGCMIICMASKLDLLNDEMKMHHGNAHEFARAHGADDDTAKQIVTILHECESSPSTEDDPCLRALEISKCFRSRIHELKWAPN---MEVVLEE-
-1,-SEDMMNITTNFLKVLNACKEELDLQSNILSDFYHFWREDYTLLNREMGCAIVCMSKKFDLLDDTGKILHGNTREFAKTSGADDAVASTVVELIHECEKQNENEADECTRALEVAKCFRTSIHQLNWAPSVN---------
-1,----MKDIHSGCLKVLQACKHELNLPDHIITDFYHYWKEDYTLLNRDTGCAIICMAKKLDLIDASGKLHHGNAQEFAEKHGADNSMSSQLVQIVHGCEKQFEAVDDDCLRVLEIAKCFRTNIHQLDWAP---TMDVIIEE-
-1,TQEVMKKLTIGFGRALSECRSELNMGDHIMQDFTNYWKEDYQLLNREFGCMVLCMASKHNLLTEDG-LHHDNAHEFAKKHGADDDTAKQLVTMLHECDKNpNAPSDDDCMRALEVSKCFKTKIHELKWAPS---MEEIIEE-
-1,--EIMKQLSLNFGKAYDSCKKELELPNEVDTDFFNFWKEDYQLTNRLTGCAIMCMSNKLDLLDPDGKMHHGNAREFAKKHGADDSMAQQLLDILHNCEKGASPGPDGdaCVQVLEISKCFKVEIHKLNWAPsmDLIMAEVL----
-1,-ADIIRDMTVNFGKALDTCKTELDLPESINADFNNFWKEGYELNNRLTGCAIMCLASKLDLLDPTGSLHHGNANEFAKKHGADEAMAKQLVDLIHGCEKSAEPDKDACVTALNIAKCFKVEIHKLNWAPSM----------
-1,-ADVMKKLTTGFATALEKCRDELNLPDAVMQDFFNFWREDYELVNRDMGCAIMCMATKFDLVTEEQKLHHGNAHEFAKSHGADDSMAKQLVTMLHECETQTASISDDCGRTLEIAKCFRTKIHGLKWAPS---METILEE-
-1,--DIMKKLTVGFSKALDQCKTELAIQENVLQDFYNFWREDYTLVNREMGCVLMCMASKFDLITEDMKVHHKNAHEFAKTHGADDEMAKQLVSMIHECEKTHEGVVDDCGRVLEMAKCFKTKIHELKWAPS---MEVVLEE-
-1,TNETMKNITSGFLKVLDDCKHELNLSENVLADMYHFWKADHALLHRDTGCAIVCMSKKLNLLDTSGKLHHGNAQEFAVNHGAASDMASKLVSVVHECEQKHDAEEDPCLRALEIAKCFREVMHEMNWAP------------
-1,--ELMTKMSTGFTKVLDQCKSEVNVGDHIMQDMYNFWREEYELVNRDLGCLVICMANKLELIGDNQKLHHGKAEEFAKSHGADDDQAKQLVAIVHDCENQHQAIEDACARMLEISKCFRTKIHELKWAPS---MEVVMEE-
-1,----MKQLTAGFMKAMDVCRKELNLGDHIMQDFMNFWREEYELVNRDLGCAISCIAAKLDLLTEDLKMHHDNAREFAIKHGADEDVAKQLVSIIHDCERSNEGESDDCRRVLEISKCFRTKIHQLNWAPS---MEVLLEE-
-1,-ADVMKGLSENFGKALGDCKKELDLPDSIMTEFYNFWKDDYVLSDRSTGCAIICLSSKLDLLDPDGNLHHGNAKDFALKHGADEGMAGQLVGMIHECEKAAPDNPDACLKVLEIANCFKKKIHELKWAPSM----------
-1,--EVMKGITSSFFKVLDECKRELGLTDNVLTDLYYFWKQDHPLMHRDTGCAIVCMSQKLNLLDTIGKLHHGNAQEFAINHGAGEQMAKKLVTMVHECEQQFMEQEDSCLRALDVAKCFRTAMHDVNWAPkfDIIVTEVLTE--
-1,-SETMRHITNGFLKALDVCKQELNSTENIVGDLYHYWKQDYELLNRDTGCVILCMSKKLNLVDPSGRLHHGNTQEFALQHGAGEDVASKLVTMLHECEKQFLDVTDDCARTLEIAKCFRTDIRKLNWTPKV----------
-1,----MKYITSGFVKVLEECKQELNMNDHIIADLFHFWKLEYTLLNRDTGCAIICMSKKLELLDANGRMHHGNAQEFAKKHGAGDEVASKIVQIIHGCEKKHERDDDECLRVLEVAKCFRTGIHELDWQPK---VEVIVEE-
-1,--DLMVKMTKGFSKVVDDCKTELNIGDHIMQDMYNYWREEYQLINRDMGCMVLCMAKKLDLMEDQ-KMHHGKAEEFAKSHGADDDVAKKLVSIIHECEQQHAAVADECMRALEVAKCFRTKIHELKWAPS---MEVIMEE-
-1,--EVMHKLTKGFAKAFDECKQELNLSDNIVQDFMNYWKEEYELLNRDTGCAIMCMASKHDLITEDMKLHHENAHGFAKTHGADDDLAKQLVTMIHECEGTHAGIADDCMKTLEVAKCFRVKIHKLKWAPD---METILEE-
-1,--DVMKKLTTGFAKALDQCKEELGLGDHIIQDFFNYWREEYELVNRDMGCAIMCMASKLDLITDDMKLHHGKAHEFAKSHGADDDMAKQLVGMIHECEKTHVAVVDDCMKTLEIAKCFRTKIHDLKWAPS---MEIILEE-
-1,-AEIMKKLTTGFATALDKCKTELNVQENVMQDLYNFWREDYELLNRDTGCLILCMALKFDLIDEDAKLHHKNAHEFAKTHGADDELAKQLVSMIHECEKAN-TEADDCIRTLGIAKCFRTKIHGLKWAPS---METVLEE-
-1,---VMHKMTVNFAKALEYCKKELNLPDVMNQEFYNFWKEEHELTNRLVGCALICMSTKLDLVDPEGNMHHGNAQEYAKKHGADDALAKQLVDLVHGCEKSAAKGDDECERALNIARCFKAEIHKLKWAPD-----------
-1,----MKQITSTFMKALDECRHELKFSDHVIRDLYFYWKEDYTLMKRETGCALVCMSQKLDLLDTSGKLHHGNAKEFAKNHGAGDDTAQKLVTAIHTCEEQNSGVEDACMKALEVAKCFRTAIDQLNWVPKM----------
-1,-SDTLKSITAGFFKVLDDCKHELNLGENVLMELYHFWKEDHALLSRDIGCAVVCMSKKLNLLDESGKLHHGNAQEFAVKHGADQTMAQKLITVVHECEGQHQGIDDECLRALEVAKCFRSGMRQLNWAPKL----------
-1,--EIMKDLSINFGKALDTCKKELDLPDSINEDFYKFWKEDYEITNRLTGCAIKCLSEKLEMVDADGKLHHGNAREFAMKHGADDAMAKQLVDLIHGCEKSIPPNDDRCMEVLSIAMCFKKEIHNLKWAPNM----------
-1,----MKYITSGFVKVLEECKKELNMNDHIIADLFHYWKLDYTLLNRDTGCAIICMSKKLDLLDVNGRMHHGNAREFALKHGAGDEVAGKIVDIIHDCEKKFERDDDECLRVLEVAKCFRTGIHELDWQPkvEVIMSEVFTE--
-1,---VMQEMTLNFGKALSECKKELSLPDTVFEDFYNFWKEGYELKHRQTGCAIHCLSSKLDLVDPDGNLHHGNAHEFARKHGADATMAQTLVDTIHSCEKSTPDNSDICLKILDVAKCFKVEIHKMNWAPNM----------
-1,--DIMKDLTIQFGKALSTCKKELDLPDTIMADFKNFWNDGYELSNRFTGCAIMCLSSKLDLLDPEGKLHHGNAQEFAMKHGADATMAKQLTDLIHNCEKSITPTEDDCINVLEVAKCFKAEIHKLNWAPNM----------
-1,--EIMKKLTTGFAKALDECKKELNLGDHIMQDFINYWKEEYELINRDVGCAIMCMVSKHDLITDDMKLHHGKTHEFAKSHGADDEMAKQIVTMIHECENTHADNNDDCNKTLEIAKCFKTKIHELKWAPS---METIIEE-
-1,-ADIMKDIALGFGEAHKHCRDESELTPEKMQAFSHFWDDDFKFEQRELGCAIECMSRHFNLLTEEGKMHHDNADKFIRSFPKGEQIAQQLLDIVHACETKNEAQEDHCWRVLHTAECFIHSAKEQNIAPsvDMLMAEFV----
-1,-AEIMKKLTTGFAMALDKCKTELGIQDNITQDFFNFWREDYELLNRDTGCMIMCMALKFDLIDEDSKLDHKNAHEFAKTHGADDDLAKQLVTMIHECEKQN-TEADDCIRTLNIAKCFRTKIHGLKWAPS---METVLEE-
-1,----MKYITSGFVKVLEECKKELNMDDNILADLFHFWKLDYALLDRNTGCVIICMSKKLDLLDDTGRMHHGNAQEFALKHGAGEEVAAKIVSIIHECEKKFERDDDECLRVLEVAKCFRSGIHELDWQPKV----------
-1,--EILKKMTMGFSKVLEQCKTEMNLSDHVMQDFYNFWREEYDLVNTEMGCAIMCMAAKFDLITDDMKLHHGKAHEFAKSHGADDDIAKQLVGLIHECEKIHMGITDDCRKVLEIAKCFRTKIHGLKWAPTL---EVVLEE-
-1,--ETMFAMSYSFGTKLFECLDKLNLPENILVDLYHFWKQDQELMKRDTGCAIACMSKKLDLVDPSGKLHHGNAQEFALKHGAAAEVATKLVTMVHECEKQHEVLDDVCLRALEIAKCFRGGIHELNWAPkmEVLVGEVLTE--
-1,--EIMKNLCMNYGKTMDQCKQELGLPDSVINDLYNFWKDDYVMTDRLAGCAINCLSTKLDIVDPDGNLHHGNAKEFAMKHGADDGMAQQLVDIIHRCEKSTPPNDDKCTKTMDIAMCFKKEIHKLNWVP--NMDLVVCE--
-1,--KIMSDVTLGFGQALEHCREESGLTEDKMEEFFHIWSKDFKFQDRELGCALRCMSKHFNLITDANELHHENTENFIKSFPNGEQLAKELVVLIHNCEKQFEGVEEHCMRTLRVGECIRDACLSRDLAPtmELLLAEFIM---
-1,--EAMKQLTGGFLKVLDQCKKELGLSDGVISDLYHLWKEEYDQIGRDAGCVIHCMSKKLELLGGDGKMHHVNIKDFALKHGAGDEIATQLVTLAHECEKQKASIEDDCERTLEMSKCFRSDVKQVDWAPkmEVIITEVI----
-1,----MKDITTGFTKGLDECKTELGLTEVVMKDLYNYWKEDYELLNRDVGCAIKCLSGKLNLLDPSGRLHHGNAADFAKAHGADDDVATKVVQIIHACEKPHDAIEDECTRVLEIAKCFRTEVHTLKWAPDMT---VIIEE-
-1,--ETMKQITSGFFKTLETCKQELQLPDHIISDLYHYWKEDYTLLNRDTGCAILCMSKKLDMVDSEGKLHHGNTQEFALKHGAAGDVASKLVSLIHECEKQFESIQDECLRVLEIAKCFRTDIAKLDWAPKM----------
-1,---VMKDMTKNFIKAYEVCAKEYNLPEAAGAELMNFWKEGYVVTSREAGCAILCLSSKLNLLDPEGTLHRGNTVEFAKQHGSDDAMAHQLVDIVHACEKSVPPNEDNCLMALGISMCFKTEIHKLNWAPnhELMLEEMMAE--
-1,--EVMEKLTAGFTKALEECKKELNLGGHIMQDFMNYWREEYELLNRDLGCAIMCMASKHDLITDDLKLHHGKAHEFAKTHGADDDLAKQLVTMIHDCENNQPESSDDCMRALEISKCFRKKIHDLKWAPS---METVLEE-
-1,-ADIMQKLTIGFTEALEHCKKDLQISNEVMQDFYNFWREDYELVNREMGCVLMCMAARLDLVTEDLKMHHGNAHEFAKKHGADDTMAKQLVTIIHECEQGAASVPDECARTLEMAKCFKTRIHELKWAPS---MEVVLEE-
-1,--EIMKTLSENFCKAMDQCKQELNLPDAVIQDLYNFWKDDYVMTDRLAGCAINCMATKLDVVDPEGNLHHGNAMEFAKKHGADEGMAKQLVDIIHGCEKSAPPNDDKCMKTIDVAMCFKKEIHKLNWVPNM----------
-1,-SEAMRHIATGFIRVLDECKQELGLTDHILTDMYHFWKLDYSMMTRETGCAIICMSKKLDLIDGDGKLHHGNAQAYALKHGAATEVAAKLVEVIHGCEKLHESIDDQCSRVLEVAKCFRTGVHELHWAPKL----------
-1,--EIIKNLSQNFCKAMDQCKQELNIPDSVIADLYNFWKDDYVMTDRLAGCAINCMATKLDVVDPDGNLHHGNAKEFAMKHGADASMAQQLVDIIHGCEKSAPPNDDKCMKTIDVAMCFKKEIHKLNWVPDMDVVLG-----
-1,--EVMKKLTAQFSTALDACKKELNIQDHILQDFYNFWREDYALVNREMGCVIMCMAVQLDLITEDLKMHHGKAHEFAKTHGADDELAKQLVSMIHECEKlHSGQGTDECATTLEIAKCFRSKIHDLKWAPS---MEVVLEE-
-1,----MKYITSGFVKVLEECKQELNMNDHIIADLFHFWKLEYALLSRDTGCVIICMSKKLDLLDANGRMHHGNAQEFAKRHGAGDDVASKIVQIIHDCEKKHERDDDECLRVLEVAKCFRTGIHDLDWQPkvEVIVSEVLTE--
-1,--KIMTDITLGFGQALEHCREESGLTEDKMEEFFHIWHPEFQFLDRELGCALRCMSRYFNLLTDTNKLHHENTDKFIRSFPNGEALASVLVGLIQECEREHEHEADACARALQIGRCVRDACLARRLAPamELLLAEFIM---
-1,--ETMKSITTSFLKVLDECKHELNLGDNVLGDLYHFWKQDHALLHRDTGCAIVCMSKKLNLLDTSGKLHHGKAQEFALNHGAASEMASKLVAVVHECERKVDAEEDPCVRALEIAKCFKDAMHEINWAPkmDVIITEVLTE--
-1,--ETMRNITASFIKVLEDCRKELNLADNVLADLYYFWKQDRALAHRDTGCAIVCMSKKLNLLDTTGKLHHGNAQEFAVRHGAGDDMASKLVTTVHECEQQHAVEEDQCVRALEVAKCFKDAMHQIDWAPkiDVIITEVLTE--
-1,--EVMKKLATGFSKALDDCKKELGLGEHIMQDFYNYWKEDYELLNRDTGCAIMCMATKFDLISEDMSLHHKNAHEFAKTHGADDDLAQQLVTMLHECEKSYSDISDGCMKTLEISKCFRTKIHNLKWAPS---MEEILEE-
-1,--EVMKKMSATFFKLLEECKKELSVTDDMIQGLVRFWLEDSALGERELGCVIICMAEKQDLvVTEDYRMHHENAYNFAKNHGADDAMATAIVKVIHTCEEQFTSNPDHCARVMEVSKCFRDEIHRLKWAPS-----------
-1,--DIMKNLTKGFGKMLDACKNELNLGDHIIQDFYNYWKEEYALVNRDVGCAIICMAAKHDLITDDMKLHHGNTHEFAKSHGADDEVAKQIVAMIHDCETSHASNNDDCSKTLEIAKCFRTKIHELKWAPS---MEDIIEE-
-1,-ADVMKTMSINFSKAIDTCKKEMDLPDSIDVDFKNFWKEDYEVTNRFTGCAIICLSAKLDLISPDGTLHHGNTQEFAKKHGADENLAKQLTDILHNCEKTAPPHDDNCIKVLGVANCFKTEIHKLQWAPSM----------
-1,--ELLTKMTGGFTKVVDACKTELSVGDHIMQDMYNFWREEYQLVNRDLGCMIMCMTAKLDLIGDDQKMHHGKAEEFAKSHGADDALAKQLVGLIHGCETQHQAVEDHCSRALEIAKCFRTKIHELKWAPS---MEVIMEE-
-1,---MLKDMTKNFLKAYGECQQELHLTDDTARDLMFFWREDYEVTSREAGCTILCLSKKLEIIDPEGKLHKGKTADFIKQHGSDEQTAQKVIDILHACEASAVPNEDHCILALGVATCFKKEIHKLNWAPD---TEVLLEE-
-1,--DVMTKMSSTFFKLLQECKKELSVSDEMIQGLIRFWQEDSDLGSRELGCVIICIASKHDLVaTDDYTMHHENAYNFAKDHGADEDMAKAIVKIVHDCEGQFSENPDHCSRVLEVSKCFRNEIHKLKWAP---PVEVLIEE-
-1,--ELITKMSSGFTKVVDQCKNELNVGEHIMQDMYNFWREEYELLNRDLGCMVMCMANKLDLIGEDQKMHHGKAADFAKSHGADDDQAKQLVGIVHDCENTHQGVEDACSRALEVAKCFRSKMHELKWAPS---MEVIMEE-
-1,--EVLHKMTASFSKTVEQCKNELNVGDNILQDLYNFWKEEYQLINRELGCVIMCMAAKLDLIQvDEYKMHHANAHDFAKQHGADDELAKQLVTMIHDCEKQYADNSDHCARTLDVAKCFRTKIHGLKWAPD---MEVVLEE-
-1,---VMKDVTLGFGQALAKCREESQLNEEKMEEFFHFWRDDFKFEHRELGCAIQCMSRHFNLLTDSSRMHHENTEKVAECFKKTcqekgiAPSMEIMVEAIHGCEQMHDVEEDHCWRILRVAECFKKTCQEKGIAPsmEIVMAEFIME--
-1,--DIMMNLTKGFAAALDKCKKELNIQDHIMQDFFNFWREEYQLVNKEFGCVVMCMASHFDLINEDSKMHHEKAHAFAKSHGADDVLAKQIVTMIHECEKVHEGMSDDCSRVLEIAKCFRGKIHELKWAPN---METLIEE-
-1,---IMKQLTAGFIKAMEVCRNELNLGDHIMQDFMNFWREEYELVNRDLGCAISCIAAKLDLLTEDLRMHHDNAREFAIKHGADEDIAKQLVSMIHECERNNEGDSDDCQRVLEISKCFRTKIHELKWAPS---MEVLLEE-
-1,-ADIMKKLTTGFATALDKCKNELNVQENVMQDCYNFWREDYELLNRDTGCVILCMALKFDLIDEDAKLHHKNAHEFAKTHGADDDLAKQLVAMIHDCEKQNSD-ADDCIRTLGIAKCFRTKIHGLKWAPS---METVLEE-
-1,----MQYITSGFVKVLEECKHELNLNEQILADLFHFWKLEYSLLGRDTGCAIICMSKKLDLLDANGRMHHGNAAEFAKKHGAGDEVASKIVTIIHECEKKHEQDGDECLRVLEVAKCFRTGIHDLNWQPkvEVIVSEVLTE--
-1,--ELLTKMSEGFTKVVDACKTQLNVGDHITQDMYNFWREEYQLVNRDLGCMIMCMVAKLDLIGDDQKMHHGKAEEFAKSHGADDVLAKQLVSLIHSCETQHQAIEDHCSRVLEIAKCFRTKIHELKWAPS---MEVVMEE-
-1,--DVMKQMTLNFAKLVDLCKKELDLPDTISKDFANFWKEGYEISDRNTGCALMCMASKLELFDPDGKLHHGNTKEFAKSHGADDSMIDQLISLVHKCEAAIPEQTDSCMQVLMVSKCFKAGIHDLNWAPSMEMLLA-----
-1,--EIMKNLSNNFGKAMDQCKDELSLPDSVVADLYNFWKDDYVMTDRLAGCAINCLATKLDVVDPDGNLHHGNAKDFAMKHGADETMAQQLVDIIHGCEKSAPPNDDKCMKTIDVAMCFKKEIHKLNWVP--NMDLVIGE--
-1,---VMTDITLGFGQALDHCREESGLTQEKMEEFFHFWSEDFKLEARELGCALRCMSAHFNLITDVNSMHHANAEKFVKSFPNGEVLAEQLIGFLHECERQHHAEADACFRVLHMAACFRNACRGARLAPtmEMLLAEFIM---
-1,TSSVMsskelvSKMSSGFSKVLDQCKAELNVGEHIMQDMYNFWREEYELVNRDLGCMVMCMASKLDLVGDDQKMHHGKAEEFAKSHGADDELAKQLVGIIHACETQHQAIEDPCSRTLEVAKCFRSKMHELKWAP---PMEVAIEE-
-1,--EVMHKMTASFSKVIDQCKSELNLSENIMQDLMNFWKEEYELLNRELGCVIMCMATKLDLVQVNeYKMHHANAHEFAKQHGADDEVAKQLVTMIHDCEKQFESNGDYCARTLEVAKCFRTKIHSLKWAPD---METVLEE-
-1,--EVMKNLTHNFSKPLEDCKKEMDLPDSVFTDFLNFWKEGYEFTSRHTGCAIVCLSSKLELLDPDLKLHHGKAQEFAQKHGADEAMAKQLVGLIHGCMEAIrEPADDPCMRALNVAKCFKAKIHELNWAPSL----------
-1,--EVMHSMTKGFARVLEDCKKEEHVGDHVMQDFFNFWHEEYELVNHELGCVVLCMAGKLELIDDDMRMHHGNAKEYAKAHGADDELAQKLVDMVHSCEQASAAIEEKCARALDTVKCFRTKIHGLKWAPS---MRVIMEE-
-1,---IMKSITSSFLKVLDECKRELNFGDNVLSDLYHFWKVDHALLNRDTGCAIACMSKKLNLLDTSGKLHHGNAEEFAVSHGAANEMASKLVTTVHECEQQHTAVDDSCLRALEIAKCFRNAMHELNWVPkmDVMITEVLTE--
-1,--KIMTDVTLGFGQALEHCRAESGLTEEQMEEFFHVWNADFKFVDRELGCALHCMSRHFNLINDSNRLHHENTDKFIKSFPNGEKLAELLMNIVRECDHRFAHKEDECMRTLHVGECIRDTCLQRSLAPsmEMLLAEFIM---
-1,--EVMKKMSATFFKLLEECKKELSVADDMIQGLVRFWLEDSELGERELGCVIICMAEKQDLvLMEDYRMHHENAYNFAKNHGADDAMATAVVKVIHTCEEQFTSNPDHCARVMEVSKCFRDEIHRLKWAPsiELLIGEMIGE--
-1,--EAMRQITSGFLKTLDQCKQELGLS-DIVSDLYHYWKEEYDLLSRDTGCAILCMSRKLEMVDGEGRLHHGNAKEFALKHGAADEVAGKLVTLLHECEKQSDSIEDDCMRILEIAKCFRTDVRKLDWAPKV----------
-1,--ETMRSITRSFLKVLDDCKEELNLGDNVLLDLYHFWKQDHDLAHRDTGCAIVCMSKKLDLLDTSGKLHHGNAQEFAVRHGAGDDMASKLVTTVHECEKNHVVEEDDCLRALEVSKCFKTAMHDINWAPKM----------
-1,----MKYITSGFVKVLEECKHELNMNDQILADLFHYWKLDYTLLNRDTGCAIICMSKKLDLLDSNGRMHHGNAAEFAKKHGAGDEVASKIVTIIHECEKKHEQDGDECLRVLEVAKCFRTGIHNLDWQPkvEVIVSEVLTE--
-1,--EVMKTITSGFMKALEECRHEQNFSDHVIRDLYFYWKEDYTLLNRETGCAIVCMSHKLNLLDTSGKLHHGKTKEFAMSHGAADDTAAKLVTSLHECENNNAEVEDTCMKALEVAKCFRTAIDQLNWTPKM----------
-1,--EVMKNLTHHFSKPLEDCKKEMDLPDSVITDFYNFWKEGYEFTSRHTGCAILCLSSKLELLDPDLKLHHGKAQEFAQKHGADEAMAKQLVGLIHGCMETIrEPADDPCVRAQNVVMCFKAKIHELXWAPSL----------
-1,--DVIKGMSLNFGKGLEECKKEMNLPDTVNADFYNFWKDDHVLTNRDTGCAIMCLSSKLELV-SDGKLHHGNTLEYAKQHGADETVAQQLVEIIHTCEKAMPDLEDPCLKVLEWAKCFKIEIHKLNWAPSM----------
-1,--ELLTKMTGGFTKVVDHCKTELNVGDHIMQDMYNFWREEYQLVNRDLGCMIMCMTAKLDLVGDDQKMHHGKAEEFAKSHGADDALAKQLVGLIHACETQHQAIEDHCSRTLEVAKCFRTKIHELKWAPS---MEVIMEE-
-1,--EVIKTMSIGFAQALDSCKKEMELPDSIDVDFANFWKEGYEITNRFTGCAIICLSTKLDLVSPDGSLHHGNAQDFAKKHGADDAMAKQLIDMIHGCEKSAPAIEDGCMKILAIAKCFKMEIHKLNWAPtaEVVMGEILAE--
-1,--DVMKTMSMNFAKALDACKKEMELPDSIDVDFNNFWKEDYEISNRFTGCAIMCLSTKLDLVSPDGSLHHGNAQEFAKKHGADDAMAKQLVDLLHGCEKSAPDNEDGCMKVLGIAKCFKTEIHKLNWAPTV----------
-1,--DVMKSMTKNFLKAYEVCSKEYNLPENTANELVNFWKEDFTTTNRNVGCAILCLTSKLNLLDPEGKLHHGQAEDFAKQHGADADTAKKLVETLHTCEKNEPVIEDHCSMALGIAMCFKKEMHNLNWAPdsELLFDELI----
-1,--ETLRSITGSFLKVLEECRKELTIGDNVLADMYYFWKQDRALMHRDTGCAIVCMSQKLNLLDDSGKLHHGNAHEFALRHGAADDMAAKLVSTVHACEEQHLSEEDKCLRALEVAKCFKTAMHEINWAPKV----------
-1,--ETMRGITTSFLRVLDECKHELNLGDNVLGDLYHFWKQDHALLHRDTGCAIVCMSKKLNLLDSSGKLHHGNAQEFALNHGAANEMASKLVATVHECEQKVDAEEDPCLRALETAKCFKDAMHEINWAPkmDVIITEVLTE--
-1,--EVMKNLCMNYGKAMDQCKQELNLPDSVIADLYNFWKDDYVMTDRLAGCAINCLSTKLDIVDPDGNLHHGNAKEFAMKHGADDGMAHELVDIIHGCEKSSPPNDDKCIKTMDIAMCFKKEIHKLNWVPNM----------
-1,----MKYITSGFVKVLEECKQELNMNDRIIADLFHYWKLDYTLLNRDTGCAIICMSKKLDLLDDTGRMHHGNAQEFALKHGAGEEVASKIVTIIHDCEKKFERDDDECLRVLEVAKCFRTGIHDLDWQPKV----------
-1,--ELIKKMSISFLKVLQECKLELSVPEEVLQSLMTFWNQDTDLSHRELGCVILCVVSKLDLIElETYKLHPDNANEYVKKHGADDETASQIMNILRGCEIKNEAITDHCDRVREIAKCFHGHMHELKWAPNM----------
-1,--EVMKKMSTTFFKLLDECKKELSVSDDLIQGLVRFWREDADLGARELGCVIMCIASKQDLvILEDYKMHHENAYNFARDHGADDETAKAIVKIVHDCEKNFDSNPDHCSRVMEVAKCFRDEIHKLKWAPSV----------
-1,--SVLRSLSSSIGDMVLECREEMDLPDSVTTDFYNFWKEGYEFTNRHTGCAILCLSSKLELLDQEMKLHHGKAQEFAKKHGADDAMAKQLVDMIHGCSQSTPDAtDDPCMKALNVAKCFKAKIHELNWAPSM----------
-1,-SKTMKMLTTGFMKVLDTCKEELNISEGVLSDLYHYWKEDYDLMKRDTGCVIVCMSRKLDLLDDSGKIHHGNTADFAKKHGAAEETASQIVSLLHECEKTQDHVEDPCIKALEVAKCFRIGIHKLNWTPKM----------
-1,-ADVVKGMTLNFGKGLEECKKEMNLPDSINADFYNFWKDDHVLTNRDTGCAIMCLSSKLELV-SDGKLHHGNTLEYAKQHGADDTVAQQLVDLIHNCEKALPDLEDPCMKVLEWAKCFKIEIHKLNWAPSM----------
-1,--DVIKGMCLNFGKGLEECKKEMNLPDTVDADFYNFWKDDYVLTNRDTGCAIMCLSNKLELV-SDGKLHHGNTLDFAKQHGADETVAQQLVDLIHTCEKALPDLEDPCLKVLEWAKCFKIEIHKLNWAPTM----------
-1,--DVMKDLAENFGKALGVCMKELDLPDEVMTDFYNFWKEDFKLTNRFTGCAIMCLSSKLDLLDPDGNLHHGNAKDFAMKHGADDGMAAQLVTLIHGCEKSAPENPDPCLKVLSIANCFKDKIHELKWAPNdvVAMAEVL----
-1,----MKYITTGFVKVLAECRKELQLDDQIIVDLFHYWKLDYSLLNRNIGCLIICMSKKLDLIDESGRLHHGNAHEFAMNHGADADMASKLVEIIHSCEKGHDHE-DECTRVLEVAKCFRTAIHELDWHPDM----------
-1,--DVMKYIGSGFVKVYEECKHELNLSDHILGDLFHFWKLEYDHLNRDTGCMIICMSKKLDLIDASGKLHHGNAKEFAMKHGAGEEVASKLVSALHECETKNSGNADGCLRALEIAKCFRSSVHDLEWSPK---VEYIVEE-
-1,--ETLKHITSGFLRTLDQCKHELQLPDHIVSDLYHYWREDYSLLNRDTGCAILCMSKKLDMVDSEGKLHHGNTREFAEKHGAASDVASKLVSLLHECEKQFESIEDECMKVLEIAKCFRTDVRKLDWAPKM----------
-1,----LKDMTKNFLKAYEQCQQELKLPDSTAKELMYFWKEGYEVKSREAGCTILCLSKKLDMLDPEGKLHKGKTTDFIKQHGSDDETANKVIEILHTCEANVAPNEDHCMVALDVALCFKNEIHKLNWAPD---PEVIFEE-
-1,--EVMTKMSATFFKLLEECKKEASVTDDLIQGLVKFWNEDSELGARELGCVIICMATKHDLVDaDEFRMHHENAYNFAKDHGADDEMAKSVVKSIHGCEEQFVGNPDHCARVMDVTRCFRGEMHRLKWAPpvEVLMGEMLAE--
-1,--DIIKSMTASFGKLVKECQTELKLGDEILQEFVSYWREDYQLVNRDIGCMMLCMASRLDLVNfGDMTLHHGNAYEFAKSHGADDATAGQIVTIIHDCEKANMDESDLCTRIMKIAKCFKVNMHDLKWAPS---MEVILEE-
-1,--DIIKSMTSSFGKLVTECQTELELGDEIIQEFVNYWSEDYQLVNRDIGCMILCMASRLDLVNfTDMTLHHGNAHEFAKSHGADDATAGQIVIIIHDCEKANIDEGDLCTRIMKVAKCFKVNMHDLKWAPS---IEVILEE-
-1,--EVLKQMSVGFSKVLQTCKTELSVGDHIIQDFYNYWREDYDLLNRDFGCMVICMAVKHDLINDQLTMHHGNAHAFAKTHGADDDTAQQLVTILRECEAKHQSVEDVCNRALEMAKCFRTKIHELKWAP---AMEVVLEE-
-1,--ELIKKMSISFLKVLQECKLELSVPEEVLQSLMTFWNQDTDLSHRELGCVILCVVSKLDLIElETYKLHPDNANDYVKKHGADDETASQIMNILRGCEIKNEAISDHCDRVREIAKCFHGHMHELKWAPNM----------
-1,--EVMKQMTINFAKPMEACKQELNVPDAVMQDFFNFWKEGYQITNREAGCVILCLAKKLELLDQDMNLHHGKAMEFAMKHGADEAMAKQLLDIKHSCEKvITIVADDPCQTMLNLAMCFKAEIHKLDWAPTL----------
-1,--DVMKNLSMNFAKPLEDCKKEMDLPDSVTTDFYNFWKEGYEFTNRHTGCAILCLSSKLELLDQEMKLHHGKAQEFAKKHGADDAMAKQLVDMIHGCSQSTPDAtDDPCMKALNVAKCFKAKIHELNWAPSM----------
-1,----LKDMTKNFLKAYEQCQQELKLPDSTAKELMYFWKEGYEVKSREAGCTILCLSKKLEILDPEGKLHKGKTADFIKQHGSDDETANKVIDILHTCEANVTPNEDHCLLALDVALCFKNEIHKLNWAPD---PEVIFEE-
-1,----MKYIASGFVKVLEECKHELNMNDHLIADLFHYWKLEYTLLNRDTGCAIICMGKKLDLLDASGRMHHGNAQEFAKKHGAGDEVASQIVQIIHDCEKKHERDDDECLRVLEVAKCFRTGIHELNWQPnvEVIVSEVLTE--
-1,--KVVASFSKGFKDVVDHCKAELNMGEHIMQDVYNFWREEYQLVNRDFGCMVLCTANKLGLLKEDQKMHHDKAEEYAKKHGADDATAKQVVAIIFECENNNSGMDDECNRALEIAKCFRTKMHELKWAPSV----------
-1,--ETLKNIAHSFLKVLDECKQELNLHENILLDLYHFWKEDYGLLKRDTGCAIMCMSQKLQLVDTSGNLHHGNAQEFAVAHGADEEVAQKLVNMVHECEKQHQVKEDLCERALEVAKCFRSGIHLLKWTPtvEVLVGEVLTE--
-1,--EVVASFSKGFTNVVEHCKAEVNAGEHIMQDIYNFWREEYQLVNRDLGCMVLCMANKLGLIGEDQKMHHAKAEEFAKSHGADEAVAKQLVAILYECETKHAAVEDECGMALEIAKCFRTKMHELKWAPS---MEVAMEE-
-1,-ADVMKELTINFAKALDQCKKELDLPDSINKDFNNFWKDDHDITNRLTGCAIWCLSSKLEMLDQDFKLHHKNTHEFAKKHGADDAMAQQLVDLIHGCENSVPANPDICLNTLGIAKCFKMEIHKLNWAPDM----------
-1,-SDMVKGFTTGFAQALDKCKAELNIPDNVMQDFYNFWREDYALVNRDMGCAIMCMATKLELVTDENKLHHGNAHEFAKTHGADDDVAKQLVTIIHECEKEH-TEADDCARTLEIAKCFRTKIHGLKWAPD---METVLEE-
-1,--ETLKKITSSFMKVLEVCKEELGISENLLAGLYHFWKEEYELVSKEVGCAILCMSHKLNLLDESGKLHHGNAQEFAEQHGAADSTAKQLVSMIHSCEENQEALEDQCLRALEVAKCFRTRIHELDWTPKM----------
-1,--EVMKQMSINFGKPLEACRKEMDIPETVMQDFYNFWKEGYELKNRDMGCAILCVTAKLELLDSDLNLHRGNAQDFARKHGADDAMAKQLVDIIHNCAATSPEaPDDPCQKTLNTAICFKAEIHKLNWAPS-----------
-1,--EIMKNLSLQFAKPLEDCKKEMELSETVITDFYNFWKEGYEFTNRQFGCAILCLSSKLELLDQDLKLHHGKAQEFAKKHGADEAMAKQLVDMIHGCSQSTPDvADDPCMKTLNVAKCFVAKIHDLKWAPsmDLIMGEVLAE--
-1,--DVLKGMTLNFRKGLEECKKEMNLPDTVDAEFYNFWKEDIVLTNRDTGCAIMCLSSKLELV-SDGKLHHGKTFDYAKQHGADDTVAKQMVDLIHTCEKSLPDLDDPCLKVLEWAKCFKIEIHKLNWAPSMEM--------
-1,--EVMHKITKDFAYVLEDCKKQENVGDHIMQDIFNFWHEEYALVNPELGCVMLCMAGKLDLMDGD-DMHHGNAHEFAKKHGADDDLAKQLVTMIHDCEKASASIADRCARALETTKCFRGKIHGLKWAPS---MRVIMEE-
-1,---VMKSMTKNFLKAYEVCAKEYSLKEGTAGILIGFWKDDFSTTSRDVGCAILCLSTKLDLIDPEGKLHHGKATEFAMQHGSGEEMAKKLVEILHNCEQTVTPNEDKCMRALDIAMCFKKELHTLGWApdPELLFEELIAE--
-1,--SVMRELSASIGDVVLECQAEMHFNNDIIHDFLNYWSEKNELVDNDMGCVVLCVLVKMELMDQGGHVQKEETDVFLRAMGADDRIAAKVVELFELCQRATSAIKDLCDFALQVAKCFRFGIIQLHWAP------------
-1,-----------------------------MEEFFHFWRDDFKFEHREVGCAIHCMSRYFNLVTDDARMHHDNTHKFITSFPNGEILASQMVQIIHTCEQKFDHEEDHCWRILHVAECFKMTCQERGIAPtmEMLMAEFIME--
-1,-SDAMRHIANGFLKVLDQCKHELGLTDQIVVDLYQFWKLQYALLNRDTGCAIICMSKKLDLLDSTGRMHHGNTQEFAVSHGATDEVASKVVVIIRDCEKQQEGEQDDCVRVLEVAKCFRTAIHELNWAPnmEVVVDELLTE--
-1,----LKDMTKNFLKAYGQCQKELGLPDSTATELMNFWKEGYEIKSREAGCAIMCLSKKLEVIDPEGKLHKGKTTEFIVAHGTDEATAHKLIDILHACMQSVTPSEDHCLMSLQVAMCFKAEIHKLGWAPD---TELLFEE-
-1,--DVIKGMTLNFRKGLDECKKEMNLPDSINADFYNFWKDDHVLSNRDTGCAIMCLSSKLELV-SDGKLHHGNTFDYAKQHGADETVAQQLVDLIHSCEKSLPDLEDPCMKVLEWAKCFKTEIHKLNWAPSV----------
-1,--EIMVNLSKSFRAKLIECQKELNIPDHIMQDFYNFWKEEYELVNKELGCAIICIASKHDLMSED-RMHHGKATEFAKKHGADDDTAKQIVNLIQECEKGFEAERDFCVKALEVAKCFRTRIHELKWAPTIEMV-------
-1,--ELIKKLTTGFSKALEDCKKELGLGEHIMQDFFNYWKEDYELLNRDTGCAIMCMATKFDLIAEDMTLHHKNAHEFAKTHGADDEVAHQLVTMLHECEKTHIAVSDSCMKTLEISKCFRTKIHGLKWAPS---MEEILEE-
-1,----MKFLAKGFLKVLEECKKELNLDDQLLSDLYYYWKQDYSRLSRDTGCAIICMSKKLDLLDETGKMHHGNAKEYAMAQGADADLAVKIINVIHGCEKEQDPHEDHCLWVLEVAKCFRTRIHELEWSPtmEVVIGEVLVE--
-1,--EVVASFSKGFTNVVEHCKAEVNAGEHIMQDIYNFWREEYQLVNRDLGCMVLCMANKLGLIGEDQKMHHAKAEEFAKSHGADEAVAKQLVAILYECETSTRPVEDECGWRLEIAKCFRTKMHELKWAPS---MEVTMEE-
-1,--ELLTKMSSGFTKVVDQCKNELNVGEHIMQDMYNFWREEYALVNRDLGCMVMCMAAKLDLIGDDQKMHHGKAEEFAKSHGADDALAKQLVGLIHECETTHAGVEDACSRTLEVAKCFRTKIHELKWAPSM----------
-1,--EIIKNLSLQFAKPLEDCKKEMDLSDTVITDFYNFWKEGYEFTNRQFGCAILCLSSKLELLDQDLKLHHGKAQEFAKKHGADEAMAKQLVDMIHSCTQSTPDvADDPCMKTLNVAKCFVAKIHDLKWAPsmDLIMGEVLAE--
-1,-----KDMTKNFLKAYEACQKELSLQESTAKELMYFWKEDYEGTNREAGCAILCLSKKMDIIDPEGKLHKGKTNDFLKQHGSDDETAAKVMDILHNCEANVAHTDDECLGAMDVAMCFKKEMHSLNWAPD-----------
-1,----MKYITSGFVKVLEECKHELNMNDQIMADLYHFWKLDYALLSRDTGCAIICMSKKLDLMDASGRMHHGNAQEFALKHGAGDDVASKIVTIIHDCEKKFERDDDECLRVLEVAKCFR----------------------
-1,--EVIKNLSTHFAKPLEDCKKEMDLPESVTTDFYNFWKEGYEFTNRQTGCAILCLSSKLELLDQELKLHHGKAQEFAMKHGADEAMAKQLVALIHGCSESTPDAsDDPCMKTLTVAKCFKAKIHELNWAPSM----------
-1,----LKDMTKNFLKAYEQCQQELSLPESTAKELMFFWKDGYEVSSREAGCTILCLSKKMDLIDPEGKLHKGKSADFVKQHGTDDETANKVVDILHTCESNAAPNDDHCMVALAVALCFKKEIHNLNWAPD---PEVILEE-
-1,---VIKDMGENFGKALDVCKQEMDLPDSIYMDFMNFWKEDYELTNRFTGCAIMCLSKKLELVDPDLQLHHGNAKDFAMKHGADENLAADLVKIIHDCGNSVPPQEDQCMHVLEWAKCFKKEIHKRDLAP------------
-1,---VLSDMSNNFAKALDECKREQNLPDSIIGDFINFWKEDYELSNRHTGCAIMCLSKKLEIVDPDLQLHHGNAKDFAMKHGADEQLAVDLVTVIHECEKTLQPNEDQCVKVLEWAKCFKVEIHKKGMAPSM----------
-1,--ETLKNIAHSFLKVLDECKQELNLHENILLDLYHFWKEDYGLLKRDTGCAIMCMSQKLQLVDTTGNLHHGNAQEFAVKHGAEVEVAQKLVNMVHECEKQHQVQEDPCERALEVAKCFRGGIHLLKWNP---TVEVLVEE-
-1,--ELLSRMSTGFNNVVDGCKNELQVGDHIMQDMFNFWREEYELVNRELGCMILCMAGKLGLVGDDQKMHHGKAEDYAKSHGADDSTAKQLVTIIHDCEKASDAVEEACSRTLEVSKCFRTKIHELQWAPsfEVMMQE------
-1,--DVMKSLSYKFGTKLFECGERTNYTRAMARDILHIWEESYDLNHDETGCLVLCAMVRLELLDQQGNMIVENTEGFIRANGGDDSMVSFLIQLYSMCREKTSSISNGCKAAIELSKCFRAAIQQIGWVPD-----------
-1,-SDGMKQLTTGFLKVLGACKTELGLSDGILSDMYHLWKEEYEQVSRDSGCMFSCMSKKLDILDGDGKIHHDHTKEYVLSNGGGEDLARQLINVAHDCEKQQESLEDECDRMLEIAKCLRRNIKEIQWTPkvEVIITEIV----
-1,--EVMHNLSKGFAEVLEDCKKQENVGDHIMQDFYNFWHEEYSLVNREMGCIILCMAGKLDLLDGD-TMHHGNAHEFAKKHGADDALAKQLVGLVHECEQASASVEERCARALETTKCFRGKIHGLKWAPS---MRVVMEE-
-1,--EVMTKMGVTFFNVLEECKKELQVTTNINHGLVKFWSQGAAP-DRELGCVFLCMAHKKDLLEEQKRLHHENAHQFAKGHGADDDKATEIVGLLHECEQQFITITDDCSRALEVARCFQAHMQRLQWAPSMeVMVEEIL---
-1,--DVIKNLSINFAKPLEACKKEMDLPDSVTTDFYNFWKEGYEMTNRQTGCAILCLSSKLELLDQEMKLHHGKAQEFAQKHGADEAMAKQLVQMIHSCTESTPDvADDPCMKTLNVAKCFKAKIHDLNWAP---PMELII---
-1,---VMREMTRNFIKAYEVCAKEYNLPEATGSELINFWKEGHELTTREAGCAILCMSTKLNLLDVQGSVHRGNTVEFAKHHGSDDAMAHQVVDILHACEKATPNE-DKCMLALSIAMCFKAEIHKLDWAPnhELMFEELV----
-1,--DVMKTLTINFGKPMEICKKELDLPEAVTKEFLNFWRDGYEVTNRLTGCAIMCISEKLELLDEGYKLHHGNAKDFAMKHGADAGMAQQLVDIIHGCNESTPDNTDHCLKTVAVAMCFKHKIHELDWAPnaDLIIAEVLAE--
-1,--DVMKSLTLNFGKPMEVCKKELDLPDAVTKEFLNFWREGYEVKNRLTGCAIICMSEKLELLDEGLKLHHGNAKEFAKKHGADDGMAQQLVDMIHSCMESTPPNTDPCLKTVDVAMCFKLKIHDLSWNPD-----------
-1,--DVIKNLSMNFAKPLEDCKKEMDLPDSVTTDFYNFWKEGYEFTNRQTGCAILCLSSKLELLDQELKLHHGKAQEFAKKHGADDAMAKQLVDLIHGCAQSTPEvVDDPCMKTLNVAKCFKAKIHELNWAPSM----------
-1,--DIIKSMASSFGKLVTECQTELELGNEIIQEFVSYWREDYQLVNRDMGCMILCMASRMDLIEfGDMTLHHGNAHEFAKSHGADDATAGQIVTIIHDCEKANMDEGDLCTRVMKVAKCFKVKMHDLKWAPS---IEVILEE-
-1,--DVMKDLSVKFGQSMNECIKEMDL-PDVSTDFYNYWKEDFVITRRETGCLFSCLAKKQSMHHSDGELHKDNTHKFATIHGADDEMAAKLVETIHTCENSIS-ESDDCVRVLGIANCFKKEMHKLNWAPS-----------
-1,--EVMTKMGVTFFNVLEECKKELKVTTNINEGLVRFWSQGAAPE-RELGCVFLCMAHKKDLLEDQKRLHHENAHQFAKGHGADDDKATEIVSLLRECEQQFITITDDCSRALEVARCFQAHMQRLQWAPSMeVMVEEIL---
-1,-AEVVKKLSVTFAKAMDACKKELNVGDHILQEMQNFWREEYDLVHRDTGCMLTCMAAKHDLivLTED-RMHHENAHAFAKAHGADDDLAKQIVTMLHDCETDNPQQEDFCLRALAVAKCFKTKIHALKWAPSM----------
-1,--DIMKELMVNFVKAFDICKKELDLPNTVHADFYNFWKEEYEITHRQTGCAIKCLSAKLDLIDPEGKLRHGNAQKFAMEYGADENMANQVVDLIHACEKSFPSNDDECMRILNITNCFKTEIHKLKWAPDM----------
-1,----MKKLSIGFIKTLDTCKKELNVGENVMQEMQNFWREEYDLVHRDTGCMILCMATKHDLLHiEEYKLHHAKSEDFAKTHGADEDTAKQLVAMLHECEKQNEAQNDYCMRALDVAKCFRTKIHGLKWAP---TMEDILEE-
-1,----MKLLATGFVKVLEECKKELNLDDNLISDLYHYWKLDFSLLQRETGCAIICMSKKLELLGEDGKLHHGNAKEYAMRNGAGDELATKMISIIHGCEDKGEGIEDDCARVLEVAKCFRVGLHDLHWEPkvDVIITEVLTE--
-1,--DVMKDLSVKFGESMNQCIKEMDL-PDVSADFYNYWKEDFVITRRETGCLFSCLAKKVSMQHSDGLLHKDNTHNFATKHGADDEMAAKLVETIHACENSIS-ESDDCVRVLSIANCFKKEMHKLNWAPS-----------
-1,--EIMKTMTLTFTKGLDACKKEMDLPDTVDVDFNNFWKEDYVVTNRDAGCAIVCLASKINLVDSMGILIHGSAHEFAKQHGADDNMAKQLSDTLHTCETIIGTGNDECTRALHVANCFKVEMHKLDWAPSM----------
-1,--EVLRYITTGFLKTLDDCKHELNLSDHIITDLYHYWKQEYDMLDKDVGCVILCMSKKLNLVDTSGRLHHGSAKDFAVQHGAAESVADKLVEMLHECEKQSLTIEDSCVRTLEVAKCFRTNIRDLDWSPKV----------
-1,--EIMKTVSLNFAKPLEQCKKEMDLPDTVTTDFYNFWKEGYEFTSRHTGCAIMCLSSKLELLDQEMMLHHGKAQEFAMKHGADEATAKQLVDMIHSCSQSTPDaAEDPCMKALHVASCFKAKIHDLKWAPsiELIMGEVLAE--
-1,--EVVKDMSVNFKKALDVCIAEMNLPDTIFIDFINFWKEDYVITNRDTGCAIMCLSTKLEIVDPDLKLHHGNANDFVTQNGADEALAKELVNIIHVCETNLPQFDDGCLKVLEWAKCFKAEIHKKGMAPSM----------
-1,-----KQLTSGFLKVLNDCMSELDIKESVLMDLYHMWKQDYSSLHRETGCVIICMSKKLTLFDLDGKFHHVNTKEFALKNGASEEVANQLVTLAHACDKKVQVTDDECDRALELAKCFRTDIQSIDWDPSM----------
-1,--DIMKEMSINYTKALEACKDEMELPSSVNIDFYNFWKKGYKITNRLTGCALLCLSTKLELIDPDGNLHHGNAYEFATKHGADDDLAKKLIGLVHECENSVEPNNDPCLKILDVTHCFKTEIHNLNWAPNM----------
-1,-----------FAKPLEDCKKEMDLPDSVTTDFYNFWKEGYEFTNRQTGCAILCLSSKLELLDQEMKLHHGKAQEFAKKHGADDAMAKQLVDLIHGCSRSTPDVtDDPCMKALNVAKCFKAKIHELNWAPSM----------
-1,---VMKDVTLGFGEALQKCREESELSEEKMEEFFHFWRDDFKFEHRELGCAIQCMSHHFNLLTSSSRMHHESMDNF-------------MVAMIHGCEQRFEADEDHCWRILHVAECFKQRCQEGGVAPtmEMMMAEFI----
-1,----MKKLSIGFTKVINECREELDAGEHIIKDIENYWREEYALLNRDFGCMVMCMAGKHDMLNDGGtGIHHDSATEFAKKHGADEDVAKQVATMILDCEKQFLEMSDTCMRALETSKCFRTKIHELKWAPS---MEEILEE-
-1,--ELMLKMSGGFRKVVGQCAQELKIGDHIMEDFKNYWQEDYALLNRDFGCMVVCMASKLDLISEDTKlLHHGNAEEFAKSHGADDATAKQLVAIVKDCEAANAQ-DDHCMRMLEVSKCFRTKIHALKWAP---PMELLMEE-
-1,----MTKMTTGFTEVVDQCRKELNLGESVLQDMYYFWREEYQLLDRNFGCLVLCMSEKLDLVGDDKRLHHGRTAEFAKTHGASDDIAQKLVTMLHECEKVYHETEDQCVRVLDVSKCFKTKIHELNWAPN---MENLMEE-
-1,---VMGEMTKNFIKAYEVCAKELNLSEATGLQLINFWKEGHELTTRETGCAILCMSTELNLLDVQGSVHRGNTVEFAKHHGSDDAMAHQVVDILHACEKATPNE-DKCMLALSIAMCFKAEIHKLDWAPnnELMFEELVL---
-1,--EIMKNLSMNFAKPLEDCKKEMDLPDSVTTDFYNFWKEGYEFTNRQTGCAILCLSSKLELLDQELKLHHGKAQEFAQKHGADEAMAKQLVDLIHGCTQSTPDvAADPCMKALNVAMCSKTKVHELNWAPSV----------
-1,--DVMKELSVRFGESMNLCIKEMDL-PDVSADFFNYWKEDYVITRRETGCLFSCLAKKVHMQHPDGLVHKDNTHNFATKHGADDEMAAQLVEVIHSCENSIS-ESDDCIRVLGIANCFKKEMHKLNWAPS-----------
-1,-SKVINSISKHIGNVVLECKQEMGLSKDVIDEFLAFWNPKQELTGTKQGCADACVLKKLDLLQRGGQVKRDNTITFLKANGADPEMSSKIIELLTLCtrAAITKKPEDGCVLGLEIFKCFRYGIFRLHWAPEL----------
-1,--EIMKNLSINFAKPLEDCRKEMDLPDSVLTDFNNFWKEGYEFTNRQTGCAILCLSSKLELLDPEMKLHHGRAQEFAQKHGADEAMAKQLVDMLHSCMQTTpDDANDPCLKTLKVVTCFKTKIHELKWAPSM----------
-1,--EYFKSMSRSLLEVLKTCSTELEIKDGIMYEIYQLWKENYDGLSRETGCVLHCMSQKLDLFNVQGKFEHGNTKEFIMKHGADSSTATQLEEMVHICQHKVGEMADECLRVLEMAKCIRGNLTQINWNPniEVAVEEIVAE--
-1,--EGMKQLTGGFIKVFEACKTELGLKDGMLTDMYHLWREEYDQVSPDAGCMFGCMSKKLDLLDASGKIHHGNTKEYVMQNGGGEDLAAQLLSISQECEKQHEGVEAECARMLEMAKCFRSGIKRVQWSPkmEVVITEII----
-1,--DVMKDLSVKFGESMNQCIKEMDL-PDVSADVFNYWKEDFVITRRETGCLFSCLAKKVNMQHSDGLVHKDNTHKFAMKHGADAEMATKLVDIIHTCQNSIS-ESDDCLRVMGIANCFKKEVHKLDWAPS-----------
-1,--DVMHQMALKFGKPIKLCQQELGADDSVVKEFLDFWKDGYVMKDRQTGCMLICMAMKLELLDSAMEIHHGSTFAFAKAHGADEAMAQQIIDIVHGCTTTYPAAEtnDPCQRAVNVAMCFKAHVHKLNWAPDV----------
-1,-----------FALVLEDCKKQENVGDHIMQDIFNFWHEEYALVNPELGCVMLCMAGKLDLMDGD-DMHHGNAHEFAKKHGADDDLAKQLVTMIHDCEKASASIADRCARALETTKCFRGKIHGLKWAPS---MRVIMEE-
-1,--EIIQTMSINYMKGLDTCKSELNLPDVVDIEFAQFWREDYIISNRLTGCAIVCLSSKLDLLEPDGSLHHGNAADFAKKHGADEAMAQQLIDILHQCEQQYPDKMDACLYALQVCNCFKTQIHKLNWAPDV----------
-1,--DVMKNLAINFAKPLDDCKKEMDLPDSVTTDFYNFWKEGYELTNRQTGCAILCLSSKLEILDQELNLHHGRAQEFAMKHGADETMAKQIVDMIHTCAQSTPDvAADPCMKTLNVAKCFKLKIHELNWAPSM----------
-1,--DVVMEMTKTFAKPLEACKIELNLSESVSTDILNFWKDGYELNDPSTGCAIICLASKLELLDPEYNLHHGKAHDFAKTHGADDGLAKQLVDLLLGCNQKNSEEQDFCWRALKVAKCFKAEIHNLNWTPS---MELIVE--
-1,--DVMKSMTLTFTKGLDACKKEMDLPDTIDVDFNNFWKEDYVVTNRNAGCAIMCLASKVDLVDSMGILIHGSSHEFAKQHGADDNMAKQLSDTLHSCEKTIGTLNDECLRALNVANCFKVEIHKLDWAPSM----------
-1,---VVREMTRNFIQAYEVCAKEYNLPETTGPELINFWKEGHMLTTREAGCAILCMSSKLNLLDVEGSVHRGNTVEFAKHHGSDDAMAHQVVDILHACEKST-PEEDKCLLALGIAMCFKAEIHKLDWAPnhELMFEELV----
-1,--EVLLNMSKGFGAAFEDCKIE----DHIMQDFFNFWREDYALVNRELGCMVICVAQRLGLMDADMKmhhgnahefaqkhgavranrelgcmvicvaqrlglmdadmmMHHGNAHEFAQKHGADDETAKKLVSVCHDCEKQHEAVEDHCARILEVAKCFRTKIHELKWAPSMA---VVMEE-
-1,--EVLHKMSTHFKEALDDCKKELNSPESVQKDFDFFWQDDYVVTNRETGCAVMCLSHKLEIVDPDLNLQHGNAKDFALKHGADEALAQELVKIIHTC-GEGAYDPDSCTMVLNWVNCFKAEIHKKGMAPpvDVIMGELVAE--
-1,--DVVKDMSLNFRKGLDACKKELNLPDTINSDFNRFWNDDHVVTNRDTGCAIMCLSSKLELVSDTG-LHHGNTLEYAKQHGADDTVAQQIVDLLHSCAQAVPDLEDPCLKVLEWAKCFKAEIHKLNWAPS-----------
-1,--SVMRAMSSSIGDMVLECQEEMEFGKEVIQDFLKFWDDTAELNSQNIGCVLVCVLEKNELISKDGKsIVAANVKEFYKAAGADDIMADRLIELLLLCKRATNAITSKCEAAFELAQCFRYGIVQLRWAP------------
-1,-ADAMKLLASGFISVLEICQKELNIEDGLISDLYHYWKLEFSMMQRDTGCALICMTKKLELLTDDGKFHHGVTKEFAMKNGADDNLATEMVSIIHSCETKSEGLDDECLRALEVAKCFRVALHDLHWepSPDVVITEVLGE--
-1,-ASVLRAVSTSIGDTLLECQTELDIKNEVIQSFLNFWDLKNPAENKEWGCALDCVFQKNAFLTPDGKtVISANVREFVKAAGADELMSVRMVDLFEMCKDGAKKIISKCDNALEVTKCFRHGIVQLDWAPE-----------
-1,--SVLRSLSSSIGDMVLECREEMDFQNEVIQDFVEFWDDSNELRSPTIGCVLVCVYEKNEFLSSDGKsVRAINVREFFKAAGADDIMANRLVELLQLCKRATNAVVSPCDAALELAKCFRYGVIQLHWAPE-----------
-1,-----------------------------------FWKEDFQVTSREAGCAIFCLSKKMDIIDPEGKLHKGKTNDFLKQHGSDDDTARKVMDILHNCEADAGDNSDDCMRALDVAMCFKKEMHSLNWAPD---PEVLLEE-
-1,--KVINNFSKGFKDVVDHCKAELNMGEHIMQDVNNFWREEYQLVNRDFGCMVPVHGQQARAPKRGPEVHHDKAEEYAKKHGADDATAKQVVAIIFECENNSSGMDDECNRALEIAKCFRTKMHELKWAPS---MEVAMEE-
-1,--ELIKDLVIGFTKTLNECVDELGYPDSVKQDFYDFWKPDHEVTDTRFGCTVICISTKLDLLDPYGQLHHDNAHDFVTKHGASDDQAKHLLGLLHACDKEIPESSSQCTRTMLVAKCFKKEIHDLDWAPSV----------
-1,--------------------------EHIMQDMYNFWREEYQLVNRDLGCMIMCMTAKLDLVGDDQKMHHGKAEEFAKSHGADDALAKQLVGLIHACETQHQAIEDHCSRTLEVAKCFRTKIHELKWAPS---MEVIMEE-
-1,TQEMMEVLTKKYMNAISECKKEMEIADSELIEFINFWRSEEKLVNRHIGCVMMCLSTKLDLVDPSGNLHHGNAREFGKKHGADDELITKLIDMIHSCEKAAPPNNGMCMNILNVANCFRGKIHNLKWAPD-----------
-1,---VMQNILGHFVKPISRCQQEMGLPDTIYNDFYNFWSEDYEITNNATGCAFICMAARLNLIvnGPNSHINLDTFFQYSRKRGADDETAKRLLQLLRYCEEQSKDERDTCMRVVRCANCFRREIHALNWAP------------
-1,---IMRSVAETFGRTVFECQNEMKFGSGILNDIFRYWHEGQPLEDRDLGCIFRCILLKLELVNDNGRLIDANADGFFQANGADESMTKHLIELYHSCYQTMRFPQDDCMLILEIGKCCREGVRNAHWTP------------
-1,-SKAMRTMSYSFSRKLYDCNKQWPIREDVVNDLRHFWRLDYQLSKRAIGCAIICMATKLHFLDNRGNFIIEHAIGFTKAGGADDEMSHGILSLIAECRNSTKS-QDPCNMALNIANCFRNGAQDRHWVPNMGPI-------
-1,----MPYITSRFVKVLEECQHELKLNEHILEHLFHFWKLEYSLLGKDPGCAIICMSTKLDLLDLYGRMHRGNAAEFAKKHAAGDEVPSKIVTIIHFCQKKHEQDGDECLQVLEVATCCRTGLHDLNW--------------
-1,--------------------KSLDLHEDAYNHLKNYWDEKFELVNRDFGCLIICMSKKLDLIDEDGKLHHGKAKEFATAHgavglaheldkynvlnerdsgievrsrlrsharPADEETAQQLIDIVHNCEKQTSGGDDPCATMVEVAKCFRIKIHELKWVPsmEILLDEGI----
-1,----------------------------MARDILHIWEQSYDLTHEETGCLVLCAMVRLHLLDQQGDMVEENAEGFIRANGGDDSVVSFLVQLYTMCREKTSSIVKGCKAALELSKCFRAAIQQIGWVPD-----------
-1,---MMQTISNYIGGMVLKCQKKMEFKNDVIQDLLEFWNKDNDLRSEDLGCALVCVFEENDFLDSEfKEVQRDNVEGFFRASGAGDKMSQTLLQLFERCKTSTTNIDNLCDSALQVAKCFRRGIFEQQWAP------------
-1,---VLKTASISYGRKVYPCLQELHLGEDILTDLLNYWKEDYEFTNKDIGCAVICVHQKLHLLDTTGGLDPPHTQAFVQAAGGD-VSMGKYVSYLYKSCEKVANATDPCVKALEATNCFRKAVHRAQWSP------------
-1,--------------VVNACQTETGVSTADIEAVRNgQWSEE-----RSLKCYMYCLWEQFGLVDDKRELSLNGMLTFFQRIPA---FRAEVLKAVNTCKRigKYFANGDNCEYAYTFNKCYAEQSPR-----------------
-1,------------------CQRQTGVATADIEAVRNgQWPE-----SRQLKCYMYCLWEQFGLIDEKGELSLNGMLTFFQRIPAYRVEVQKA---IRECKSigKYLANGDNCQYAFTFNVCYAEVSPK-----------------
-1,---------AAIGKSMDMCREESKLTTDMLQDWSKIWEKDFEVKHREFGCTLKCMAKNLAVL-EDGAMHDGKLSGFMSNIHDDEDMTSKSTNLILNCHNQAADIDDECDRFAQTFRCYKAGLDTAGHTP------------
-1,---------AALGKSMEMCREESQLTKDMLQDWSKLWEKDFDVKHREFGCTLKCMAKNMDII-EDGLVHDGKLMDYISNIHDDHDVSRKSAKVYLDCQSQAADIDDECDRFTQTFRCY-----KAGLDP------------
-1,--------------------------DSIYNDFYNFWSEDYEITNNATGCAFICMAARLNLIvnGPNSHINVDSFFQYSRKRGADDETTKRLLQILRYCEHLSQDVTDTCMRVMHCANCFRKEIHALNWAPRVVET-------
-1,----------------------MGLPDTIYNDFYNFWSEDYVITNNATGCAFICIAARLNLIvnGPNSHINLNTFFQYSRKRGADDQTAKRLLQLLRYCEGQSRDETDTCMRVVHCANCFRREIHALNWAPKV----------
-1,-----------------EC-EEIHKTGENIDEILDKW---LIPTTEKGKCLMECFVNKKGLIDKNANIDHsTATPHFEESFPNDPESVKKAEEALSRCDKIDLSKLDHCSKGVEILKCFRKNAKEIGL--------------
-1,-----------------------------------------------------------------------------------------MVELIHNCEKQFDDMTDECERVVKVAACFKVDAKKAGIAPEVAMIEAVMEKY
-1,--DVMKQMTINFGKALDTCRKELDLPDSINADFYNFWKEGYELSNRQTGCAIMCLSSKLDLVDPEGK--------------------------------------------------------------------------
-1,--DVIKQMTINFGKALDTCRKELDLPDSINADFYNFWKEGYELSNRHTGCAIMCLSSKLDLVDPEGK--------------------------------------------------------------------------
-1,------------------------------------------------GCAIVCVSEKLELLEVNGEVNQKNAHEFAINDGAEEEVATEFVAEASDCVTQHKGVDDECLRALPIAKCFRTKNK------------------
-1,---------------------------------------------RQTGCYMYCLWEQFGLIDEKGELSLNGMLTFFQRIPAYRVEVQKA---IRECKSigKYLANGDNCQYAFTFNVCYAEVSPK-----------------
-1,-----------------ECLIESGIKLDSLASLAS--SSDWDTPNSQLKCLLKCFFEKTGFMDKDGKLQEDVITEQLSLF----TTKERIETLVKNC---NFQEPDACDTAYKVTECYFQN--------------------
-1,------------------CMEEHGTTQALIDQV----NEGNLVNDRSLSCYMFCLLDAFSLVDDEGNLEAEMLLGFL-----PENLVEKGTEILNACAKQ--DGADGCERVFNVAKC------------------------
-1,-----------------ECLIESGL---KLDSLTSLSDSDFATSGSKIKCLVKCFFEKTGFMDKEGKLQQEVITEQLSQF----MPKERLETLVKNC---NFQEPDACDTAYKVTECYFQN--------------------
-1,-----------------ECLKSTGVKEEYVNQ---YWESVEMVDDENFKCYLWCVFNGFKLMNNDGNANKELVVQYVDRMTS---------EIVEFCTAKIDTKTDKCERVYELVYC------------------------
-1,------------------CMEEHGTSQALIDQV----NDGNLVNDRSLSCYMYCMLEAFSLVDEEGNLESEMLLGFI-----PDNFKEMGADILNACARQ--DGADGCERVFNVAKC------------------------
-1,------------------CIKEVGIDPDALE--KSFK-GALDKNDEKLGCFLACISKKMGLMNADGSINESRLR------VRGGVGKERAVMMRNKC--KVMKGDNDCETALKVANCMHEE--------------------
-1,-----------------ECLIESGLKLDSLASLS---ASDLDANGNKIKCLVKCFFEKTGFMDKDGQLQEKTIIEQLSKF----MPRDRIEALVKNC---NFQEADACETAYKVTECYFQN--------------------
-1,-----------------ECLIESGLKLDSLASLS---ASDLDANGNKIKCLVKCFFEKTGFMDKDGQLQEKTIVEQLSKF----MPRDRIEALVQNC---NFQEADACETAYKVTECYFQN--------------------
-1,-----------------ECLIQSGLKLDSLASLST---SDLDTNGNKIKCLVKCFFEKTGFMDKDGQLQEKTITEQLSKF----MPLERIESLIKNC---NFQEADACETAYKVTECYFQN--------------------
-1,------------------CMEEHGTTQALIDQV----NDGSLVNDRSLSCYMFCMLDAFSLVDEEGNLEAEMLLGFL-----PENLVAQGTDILNACAKQ--DGADGCERVFNVAQC------------------------
-1,-----------------ECLIESGLKLDSLASLST---SDLETNGSKIKCLVKCFFEKTGFMDKDGQLQEKTITDQLSKF----MPRERIESLVKNC---NFQETDACETAYKVTECYFQN--------------------
-1,--------------------------------------------------------------------------EFAKKHGADEATAKQIMTIVHECEEKFATNEDHCARAMEVSRCFRDHMHRLQWAPSV----------
-1,-----------------ECLIESGLKLDSLASLST---SDLDTAGSKIKCLVKCFFVKTGFMAEDGKLQQEVITEQLSKF----MPRERIETLVKNC---NFQEPDACETAYKVTECYFQN--------------------
-1,-----------------ECLIESGLKLDSLASLST---SDLDTNGSKIKCLVKCFFEKTGFMDKEGQLQQQTITDQLSKF----MPRDRIESLVKNCDFQ---EPDACETAYKVTECYFQN--------------------
-1,---VMKDVTLGFGQALDKCRQESDLTEEKMEEFFHFWRDDFKFEHRELGC-------------------------------------------------------------------------------------------
-1,--------------------------------------DDDEPVERKYKCFFHCVAERGDILDSGGYLDVEKLDEI-------ESLDDHKREALYSCKKQHDDEEDGCEYAYKMVVCLEE---------------------
-1,----------------DECREESNFRGE-------LNDDVGRNVTQELKCFAACSLMKLGIMNEkDGTVNMTRLDELIASHTPGKDAADVFKtTVVEPCMKEVKKSTDYCEYSYQLIAC------------------------
-1,-------------DVFTECLQEYKIDADTIDAFYttgEIWDE----SNRLTKCLFFCINRKLSLADEIGTINKQKVKVLIMAR-NSEFNIERVTKVVDECSKRN-DETDICDKWYEFSKC------------------------
-1,----------------ERCMAEHGTSQDLIDQVNDGHLSD----DRSITCYMNCLLDAFSLVDEEGDLEADMLISVI-----PEQYQEIGTKLLTKCAKQ--DGADPCEKIFKVAQCVQ------GTVPELWFM-------
-1,----------------------------------------------EAKCFLLCLLQRYQMIDKGGAFHRDKVDRFLDSMP-DSKFKSSLKSFKEKCLKEDS--QNQCQKAYKFSACFY----------------------
-1,----------------ERCMAEHGTSQDLIDQVNDGHLSD----DRSITCYMNCLLDAFSLVDEEGDLEADMLISVI-----PEQYQEIGTKLLTKCAKQ--DGADPCEKIFKVAQC------------------------
-1,---------------VEACRNFIGLKVEDANIVLSHWPANLNLakVNRTHKCYVACIFFSFSLLSSSGQLTLD------KYFDNGNINELQVAPTIRRCEYQFENEKDFCEHTFGMFDCFRQEM-------------------
-1,-------------------------------------------------CIVKCVFQNFGMMDSEESFDHEKFIENLLKTAETRELKDFLQDSANECFQQIDKESdlDSCVYATKLAECLAKKAK------------------
-1,-----------------------------------------------------------------------------------DSMAKQLVDLIHKCESSVTEDPDACMKVLNIAKCFKAEIHKLNWAPSM----------
-1,--ETMFAMSYSFGTKLFECLDKSPYPNDLSSDILNYWKEGYRLQHMSTGCLFVCALVTLELM-------------------------------------------------------------------------------
-1,-------------DIRRECRKQTGVAWDPLSKFKN---GDFNENDPKLKCYLKCFMQKYGIFGDD----------------------------------------------------------------------------
-1,---------------------QLGLGTKVLRDIQHYWDPGYQLTDQNIGCALICASNKLHLLQDNGDLDP-----------------------------------------------------------------------
-1,----------------------MGLPDSIYNDFYNFWSEDYEITNNATGCAFICMAARLNLI-VNGPNSHINVDSFFQ---------------------------------------------------------------
-1,------------------------------------------------GCYASCLFQQYKVMD-GPHIQISDMIELFKSdlKFYGPYIQKEIDEFpitIEMCAKQVEIITDACEVGWKFVKCMK----------------------
-1,-------------------------------------------------CYITCIYQMMSIVKNNKLNYKTSIKQVDMMYPND--LKESVKKSIENCKSVSDPYKDICEASYWTAQCIYEDNPK-----------------
-1,-----------FGNLGRECMEGSKASRDQRNKIQDF--DLAEPVDEEIMCFFKCMMTKFGIYDEGSK--------------------------------------------------------------------------
-1,TAEVMSHVTAHFGKTLEECREESGLSVDILDEFKHFWSDDFDVVHRELGCAIICMSNKFSLMDDDVRMHHVNMDEYIKSFPNGQVLAEKMVKLIHNCEKQFDTETDDCTRVVKVAACFKEDSRKEGIAPEVAMVEAVIEKY
-1,TAEVMSHVTAHFGKTLEECREESGLSVDILDEFKHFWSDDFDVVHRELGCAIICMSNKFSLMDDDVRMHHVNMDEYIKGFPNGQVLAEKMVKLIHNCEKQFDTETDDCTRVVKVAACFKKDSRKEGIAPEVAMIEAVIEKY
-1,TAEVMSHVTAHFGKALEECREESGLSPDILNEFKHFWSEDFEVVHRELGCAIICMSNKFSLLKDDTRIHHLNMDDYIKSFPNGEVLAAKMIELIHNCEKQYDTITEDCDRVVKVAACFKVDAKKEGIAPEVAMIEAVIEKY
-1,TAEVMSHVTAHFGKALEECRTESGLSPEILEEFQHFWSEDFEVVHRELGCALICMSNKLSLLQDDTRIHHVNMHDYVKGFPNGEVLSEKMVNLLHNCEKQFDDITDDCQRTVKVAACFKVDAKKEGIAPEVAMIEAVMERY
-1,-AEVMSHVTAHFGKALDECREESGLTPEIMEEFRHFWREDFEVVHRELGCAIICMSNKFSLLQEDTRIHHMNMHDYVKSFPNGEILSGKMVELLHNCEKMYDDLTDDCDRVVKVSACFKAGAQKAGIAPEVAMIEAVMEKY
-1,TAEIMSHVTAHFGKLLEECRQESGLTTDILEEFQHFWREDFEVVHRELGCAIMCMSNRLTLMHDDARMHHANMHDYVKSFPQGELLSGTMVELIHNCEKIHDDIPDDCDRIVKVAACFKVDAKKAGIAPEVAMIEAVLEKY
-1,TAEVMSHVTAHFGKTLEECREESGLSGEIMEEFHHFWREDFEVVHRELGCAIICMSNKFQLMQDDARMHHENMHDYIKSFPKGDLLSETMVRLIHNCEKKYDDIDDECSRVVKTAACFKKDAQAEGIAPELTMIEAVLKKY
-1,TQEVMSHVTAHFGKALEECREESGLSAEILEEFQHFWREDFEVVHRELGCAIICMSNKFSLLKDDSRMHHVNMHDYVKGFPNGEVLSARLVELIHNCEKQYDSLPDDCDRVVKVAACFKVDSKAAGIAPEVAMIEAVMEQY
-1,TAEVMSLVTAHFGKALEQCREESQLSPEVLDEFHNFWREDFEVVHRELGCAIICMSNKFSLLQDDARMHHDNMHDYILSFPKGDVLSAKMVELIHNCEKQYDDISDDCSRVVKVAACFKVGATQAGIAPEVAMIEAVLEKY
-1,TVEVMKDVTLGFGEALKHCREESQLSEEQMEEFFHFWRDDFKFDLREIGCAIRCMSHHFNLLTDSHRMHHENTDKFIKSFPNGELLSQKMVTLIHECEKQFESEEDHCWRILRIAECFKTGCKQQGIAPtmEMIMAEFIME--
-1,TVEVMKDVTLGFGEALKHCREESQLSEEQMEEFFHFWRDDFKFDLREIGCAIRCMSHHFNLLTDSHRMHHENTDKFIKSFPNGELLSQKMVTLIHECEKQFESEEDHCWRILRIAECFKTGCKQQGIAPtmEMIMAEFIME--
-1,----MSHVTAHYGKSLEECRKETGLSKEILEEFKHFWSDDFEIVHRPFGCTLICMSNKFALLQDDARMHHINMNDYVKGFPEGDVLADKLVQMIHKCEKEYDDIKDDCDRVVKVAACFRADAKKEGIAPEVAMIEAVMEQY
-1,--EVMKDLTSGFIKVLEECKKELNLSESIINDLYNYWKEDYSLLNRDVGCAIVCMSKKLELIDTSGKIHHGNAEDLAKKHGADSEVAAKLVAILHECEKTHDAIEDQCMKALEIAKCFRTNIHKLNWAPKMDV--------
-1,TVEVMKDVTLGFGEALEHCRESSGLTEEKMEEFFHFWHDDFKFEHRELGCAIQCMSRHFNLLTDGQRMHHENTDKFIKSFPNGEVLSKTMVTLIHSCEQKFDDMEDHCWRILRIAECFKSGCQERGLAPsmEMMMAEFIME--
-1,--EVMKDVTLGFGEALKHCREQSQLTEEMMEEFFHFWRDDFKFEQREVGCAIHCMSHYFNLLDDTHRMHHQNTHKFIKSFPNGEVLSQQMVGIIHTCEQAHDKEPDNCWRILRIAECFKKECQAQGIAPtmELLMAEFIME--
-1,TVEVMKDVTLGFGEALEQCREQSQLTEEMMEEFYHFWREDFKFEARAVGCAIHCMSRYFNLLGEQQRMHHDNTHKFIQSFPNGEVLSHQMVGIIHTCEQQHDAETDHCWRILRVAECFKRESQAQGLAPsmEMLMAEFIME--
-1,---VMKDVTLGFGQALDKCREESQLTEEKMEEFFHFWRDDFKFEHRELGCAIQCMSRHFNLLTDSSRMHHDNTEKFIQSFPNGEVLARQMVELIHSCEKQFDHEEDHCWRILHLADCFKSSCVQRGIAPSMelMMTEFIME--
-1,--EIMKKLTTGFVKAMEECKAELNLGDHIIQDFMNYWREEYELLNRDTGCAIMCMASKHDLITEDMKIHHENAHEFAKSHGADDDLAKQLVQMIHDCEKQFTDITDDCSKTLEISKCFRTKIHELKWAPSM---ETILEE-
-1,---IMKNLSLKFGEAMSICKAELNLPDSINEDFYNFWKPDYELQHRETGCMIHCLSTKLNLIDPEGKLHHGKAKEFAMSHGADEGMAQQLIDIIHNCENSTPQNEDGCLMVLAVAKCFKVEIHKLNWTPSMDM--------
-1,---VMKDITLGFGAALEHCREESGLTQENMEEFFDFWREDFKFEHRELGCALRCMSRYFNLITDTNRMHHENTENFIKSFPNGEKLSKVLVQVIHECEKKFDHEEDHCWRILHIGECFRDMCRSQNIAPamEMLLAEFIM---
-1,--ETMKDITSGFFKVLNECKHELNLPDHLVGDFYHYWRQEYALLDRDLGCAILCMSRKLELIDASGKLHHGNTQEFAEKHGADNSMASKLVEVLHSCEKQHEAVSDECQRALEVAKCFRSSVHELGWAP---TIDVIIEE-
-1,---VMKQLTVGFMKAMDVCRKEMNLGDHILQDFMNFWREEYELVNRELGCAITCIVVKLNLITEDFKMHHDNAREFAIKHGADEDIAKQLVSIIHDCERSNEAESDECLRVLEISKCFRTKIHQLNWAPSM---EVLLEE-
-1,---VMKDVTLGFGQALEQCREESQLTEEKMEEFFHFWREDFKFEHRELGCALQCMSRHFNLLTDSSRMHHENTDKFIKSFPNGAVLSKTMVELIHNCELQHDAEEDHCWRILRVAECFKISCTKAGIAPSMevMMAEFIME--
-1,-PEIMKNLSNNFGKAMDQCKDELSLPDSVVADLYNFWKDDYVMTDRLAGCAINCLATKLDVVDPDGNLHHGNAKDFAMKHGADETMAQQLVDIIHGCEKSAPPNDDKCMKTIDVAMCFKKEIHKLNWVPNM----------
-1,-AEIMKKLTTGFAMALDKCKTELGIQDNITQDFFNFWREDYELLNRDTGCMIMCMALKFDLIDEDSKLDHKNAHEFAKTHGADDDLAKQLVTMIHECEKQN-TEADDCIRTLNIAKCFRTKIHGLKWAPSM---ETVLEE-
-1,---VMKDVTLGFGQALEVCREESQLSQDVMEEFFHFWREDFKFESRAVGCALQCMSRHFNLLTDSSRMHHENTHRFIESFPNGSVLAKQMVSLIHGCEQQHEAEPDHCWRILRVAECFKRRCQEAGIAPSMeiIMAEFIME--
-1,---VMKDMTKNFIKAYEVCAKEYNLPEAAGAEVMNFWKEGYVLTSREAGCAILCLSSKLNLLDPEGTLHRGNTVEFAKQHGSDDAMAHQLVDIVHACEKSVPPNEDNCLMALGISMCFKTEIHKLNWAPD-----------
-1,---VMKNLSSGFGKVLEKCKNELNVGDHIMKDFYNYWREDYELVNKDMGCVIMCMATKLDLITDEMKMHHGKAHEFAKSHGADDTMAKQLVAIIHECENTHADIGDDCSRVLEISKCFRSKIHDLKWAP---PMEVIIEE-
-1,TVDVMKDVTLGFGEALQHCREESQLTEEKMEEFFHFWREDFRFDARELGCAIKCMSHHYNLLTDSHRMHHENTHEFVKSFPNGEVLAAEMVSIIHGCEQQHHSEPDHCWRILRVAECFKVTCLRRSLAPtmELLMAEFIME--
-1,TAEIMSHVTAHFGQTLEECREESGLTMDMMEAFAHYWSEDFgkATVQREFGCALICMSHKFSLLQDDVRLHHLNMDDYIRSFPNGELLSTKMVSMIHECERQYESVEDDCDRIVDVSLCFRSAAQREGIAPNLAMVEAALEQY
-1,----LKDMTKNFLKAYEQCQQELKLPDSTAKELMYFWKEGYEVKSREAGCTILCLSKKLEILDPEGKLHKGKTTDFIKQHGSDDETANKVIDILHTCEANVAPNEDHCMVALDVALCFKNEIHKLNWAPD---PEVIFEE-
-1,-ADVMKGLSENFGKALGDCKKELDLPDSIMTEFYNFWKDDYVLSDRSTGCAIICLSSKLDLLDPDGNLHHGNAKDFALKHGADEGMAGQLVGMIHECEKAAPDNPDACLKVLDIANCFKKKIHELKWAPSMDV--------
-1,----MSNVNAHYGKTLEMCREEAQISPEIMQEWHHIWDDDFEVVQREIGCAIICMSHKFSLLQDDNRMHHESMFDYIRSFDNGDVLSATVVELFHNCEKQYEDIEDDCSRVTKVMACFKVEAKKAGIAPEVAMIEAVLEKY
-1,---VMKDVTLGFGQALEKCREESGLTDEKMEEFFHFWHDDFKFVHRELGCAILCMSRHFNLLTETSRMHHENTDNFIKSFPNGEILAAKMVEIIHTCELRFENEADHCARILRIAECFRDTCKSVDLAPtmEILIAEFIL---
-1,---VMKSMTKNFLKAYEVCAKEYSLKEGTAGILIGFWKDDFSTTSRDVGCAILCLSTKLDLIDPEGKLHHGKATEFAMQHGSGEEMAKKLVEILHNCEQTVTPNEDKCMRALDIAMCFKKELHTLGWAPD-----------
-1,TSDIMKDVTLGFGEALQHCREESQLTEDKMEEFFHFWSEDFRFEERAVGCAIQCMSRYFDLLTDSHRMHRENTDRFIKSFPNGEVLSQQMVDMIHACEVQHDTEPDHCWRILRIAECFKASCQQRGIAPTMeqLMAELIME--
-1,---ILKKMTVNFGKALEACKKEIDLPDSVNAELYNFWKEDYQLTNRQAGCALVCMSTKLDLVDPDGNMHHGNAHEYAKKHGADDATAKQLVEMLHTCEKSVGKMDDNCERALAIARCFKAEIHKLKWAPD-----------
-1,---IMTDITLGFGQALEHCREESGLTEDKMEEFFHIWHPEFQFLDRELGCALRCMSRYFNLLTDTNKLHHENTDKFIRSFPNGEALASVLVGLIQECEREHEHEADACARALQIGRCVRDACLARRLAPamELLLAEFIM---
-1,--ELIKKMSISFLKVLQECKLELSVPEEVLQSLMTFWNQDTDLSHRELGCVILCVVSKLDLIElETYKLHPDNANEYVKKHGADDETASQIMNILRGCEIKNEAITDHCDRVREIAKCFHGHMHELKWAPNMEVI-------
-1,----MKDIHSGCLKVLQACKHELNLPDHIITDFYHYWKEDYTLLNRDTGCAIICMAKKLDLIDASGKLHHGNAQEFAEKHGADNSMSSQLVQIVHGCEKQFEAVDDDCLRVLEIAKCFRTNIHQLDWAPTMDVI-------
-1,-AEIMKKLTTGFATALDKCKTELNVQENVMQDFYNFWREDYELLNRDTGCVIICMALKFDLIDEDAKLHHKNAHEFAKTHGADDDLAKQLVGMIHEC-EKATTEADDCIRTLDIAKCFRTKIHGLKWAPSM---ETVLEE-
-1,----MKAITSGFLKVLEQCKQELNLQGHVISDLYHYWKEDYSLLNRDTGCAIICMSKKLDLIDASGKLHHGNTAEFAAKHGAASEVASKLVEILHACEKTHDAIEDDCMRALEIAKCFRTDINQLNWTPKMDVI-------
-1,--EVVASFSKGFTNVVEHCKAEVNAGEHIMQDIYNFWREEYQLVNRDLGCMVLCMANKLGLIGEDQKMHHAKAEEFAKSHGADEAVAKQLVAILYECETKHAAVEDECGMALEIAKCFRTKMHELKWAPSM---EVAMEE-
-1,--EVMKKMSATFFKLLEECKKELSVTDDMIQGLVRFWLEDSALGERELGCVIICMAEKQDLvVTEDYRMHHENAYNFAKNHGADDAMATAIVKVIHTCEEQFTSNPDHCARVMEVSKCFRDEIHRLKWAPSIELLIGEM---
-1,----LKDMTKNFLKAYEQCQQELSLPESTAKELMFFWKDGYEVSSREAGCTILCLSKKMDLIDPEGKLHKGKSADFVKQHGTDDETANKVVDILHTCESNAAPNDDHCMVALAVALCFKKEIHNLNWAPD---PEVILEE-
-1,-PEAMKQLTGGFLKVLDQCKKELNLSDGVISDLYHLWKEEYDQISRDAGCVIHCMSQKLELVGGDGKMHHVNIKDFALKHGAGDEIATQLVTLAHECEKQKASIEDDCERTLEMSKCFRSDVKQVDWTPKMEVI-------
-1,---IMSDVTLGFGQALEHCREESGLTEDKMEEFFHIWSKDFKFQDRELGCALRCMSKHFNLITDANELHHENTENFIKSFPNGEQLAKELVVLIHNCEKQFEGVEEHCMRTLRVGECIRDACLSRDLAPtmELLLAEFIM---
-1,-ADIMQKLTIGFTEALEHCKKDLQISNEVMQDFYNFWREDYALVNREMGCVLMCMAARLDLVTEDLKMHHGNAHEFAKKHGADDTMAKQLVTIIHECEQGAASVPDECARTLEMAKCFKTRIHELKWAPSM---EVVLEE-
-1,--EVLKQMSVGFSKVLQTCKTELSVGDHIIQDFYNYWREDYDLLNRDFGCMVICMAVKHDLINDQLTMHHGNAHAFAKTHGADDDTAQQLVTILRECEAKHQSVEDVCNRALEMAKCFRTKIHELKWAPAM---EVVLEE-
-1,---VMTDVTLGFGQALEQCREESGLSEEKTEEFFHFWSEDFKLEARELGCALRCMSSHFNLITDSNRMHHANAEKFVKSFPNGEVLAKQLVGMLHECEKKHHDEEDNCFRVLHMAACFREACRGASLAPtmEMLLAEFIM---
-1,----MSHVNAHFGKTLEMCREEANISREIMEEWHHVWDDNFEIVHREIGCVLICMSHKFSLLQDDHRMHHNSMHDYIRSFENGDNLSAMVVELFHGCEKQFEDIADDCSRVTKVMACFKVAAKEADIAPEVTLIEAVLEKY
-1,----MKQLTTGFLKVLGACKTELGLSDGILSDMYHLWKEEYEQVSRDSGCMFSCMSKKLDILDGDGKIHHDHTKEYVLSNGGGEDLARQLINVAHDCEKQQESLEDECDRMLEIAKCLRRNIKEIQWTPKVEVI-------
-1,---VMHKMTVNFAKALEYCKKELNLPDVMNQEFYNFWKEEHELTNRLVGCALICMSTKLDLVDPEGNMHHGNAQEYAKKHGADDALAKQLVDLVHGCEKSAAKGDDECERALNIARCFKAEIHKLKWAPD-----------
-1,----MKGITSSFFKVLDECKRELGLTDNVLTDLYYFWKQDHPLMHRDTGCAIVCMSQKLNLLDTIGKLHHGNAQEFAINHGAGEQMAKKLVTMVHECEQQFMEQEDSCLRALDVAKCFRTAMHDVNWAPKFDII-------
-1,--ELVSKMSSGFSKGLDQCKAELNVGEHIMQDMYNFWREEYELVNRDLGCMVMCMASKLDLVGEDQKMHHGKAEEFAKSHGADDELAKQLVGIVHACETQHQAIDDPCSRTLEVAKCFRSKMHELKWAPTM----------
-1,---VMREMTRNFIKAYEVCAKEYNLPEATGSELINFWKEGHELTTREAGCAILCMSTKLNLLDVQGSVHRGNTVEFAKHHGSDDAMAHQVVDILHACEKATPNE-DKCMLALSIAMCFKAEIHKLDWAPNHELMF------
-1,--EVLHKMTASFSKTVEQCKNELNVGDNILQDLYNFWKEEYQLINRELGCVIMCMAAKLDLIQVDEyKMHHANAHDFAKQHGADDELAKQLVTMIHDCEKQYADNSDHCARTLDVAKCFRTKIHGLKWAPDM---EVVLEE-
-1,----MRHIANGFLKVLDQCKHELGLTDQIVVDLYQFWKLQYALLNRDTGCAIICMSKKLDLLDSTGRMHHGNTQEFAVSHGATDEVASKVVVIIRDCEKQQEGEEDDCVRVLEVAKCFRTAIHELNWAPNM----------
-1,--EAMRHIATGFIRVLDECKQELGLTDHILTDMYHFWKLDYSMMTRETGCAIICMSKKLDLIDGDGKLHHGNAQAYALKHGAATEVAAKLVEVIHGCEKLHESIDDQCSRVLEVAKCFRTGVHELHWAPKLDVI-------
-1,--EVMKQMTINFAKPMEACKQELNVPDAVMQDFFNFWKEGYQITNREAGCVILCLAKKLELLDQDMNLHHGKAMEFAMKHGADEAMAKQLLDIKHSCEKVItIVADDPCQTMLNLAMCFKAEIHKLDWAP------------
-1,---VMKDVTLGFGQALAKCREESQLNEEKMEEFFHFWRDDFKFEHRELGCAIQCMSRHFNLLTDSSRMHHENTEKVAECFKKTCQEkgiapsMEIMVEAIHGCEQMHDVEEDHCWRILRVAECFKKTCQEKGIAPSMeiVMAEFIME--
-1,---VMKDLSVKFGQSMNECIKEMDL-PDVSTDFYNYWKEDFVITRRETGCLFSCLAKKQSMHHSDGELHKDNTHKFATIHGADDEMAAKLVETIHTCENSI-SESDDCVRVLGIANCFKKEMHKLNWAPS-----------
-1,----MKYIASGFVKVLEECKHELNMNDHLIADLFHYWKLEYTLLNRDTGCAIICMGKKLDLLDASGRMHHGNAQEFAKKHGAGDEVASQIVQIIHDCEKKHERDDDECLRVLEVAKCFRTGIHELNWQPNVEVI-------
-1,---IIKSMTSSFGKLVTECQTELELGDEIIQEFVNYWSEDYQLVNRDIGCMILCMASRLDLVNfTDMTLHHGNAHEFAKSHGADDATAGQIVIIIHDCEKANIDEGDLCTRIMKVAKCFKVNMHDLKWAPS---IEVILEE-
-1,----MKFLAKGFLKVLEECKKELNLDDQLLSDLYYYWKQDYSRLSRDTGCAIICMSKKLDLLDETGKMHHGNAKEYAMAQGADADLAVKIINVIHGCEKEQDPHEDHCLWVLEVAKCFRTRIHELEWSPTM----------
-1,-------VTLGFGEALEHCREQSQLTGEMMEEFYHFWREDFKFEARAVGCAIHCMSRYFNLLGGQQRMHHDNTHKFIQSFPNGEVLSHQMVGIIHTCEQQHDAETDDCWRILRVAECFKRESQAQGLAPSMEML-------
-1,--EVVKDMSVNFKKALDVCIAEMNLPDTIFIDFINFWKEDYVITNRDTGCAIMCLSTKLEIVDPDLKLHHGNANDFVTQNGADEALAKELVNIIHVCETNLPQFDDGCLKVLEWAKCFKAEIHKKGMAPSMEVAAGEM---
-1,----MQYITSGFVKVLEECKHELDLNEQILADLFHFWKLEYSLLGRDTGCAIICMSKKLDLLDANGRMHHGNAAEFAKKHGAGDEVASKIVTIIHECEKKHEQDGDECLRVLEVAKCFRTGIHELDWQPkvEVIVSEVLTE--
-1,---VVKDMSLNFRKGLDACKKELNLPDTINSDFNRFWNDDHVVTNRDTGCAIMCLSSKLELVSDTG-LHHGNTLEYAKQHGADDTVAQQIVDLLHSCAQAVPDLEDPCLKVLEWAKCFKAEIHKLNWAPSAEVMAAEM---
-1,--EVMTKMGVTFFNVLEECKKELKVTTNINEGLVRFWSQGAAPE-RELGCVFLCMAHKKDLLEDQKRLHHENAHQFARGHGADDDKATEIVSLLRECEQQFITITDDCSRALEVARCFQAHMQRLQWAPSMEVM-------
-1,---VVMEMTKTFAKPLEACKIELNLSESVSTDILNFWKDGYELNDPSTGCAIICLASKLELLDPEYNLHHGKAHDFAKTHGADDGLAKQLVDLLLGCNQKNSEEQDFCWRALKVAKCFKAEIHNLNWTPSMELI-------
-1,---VMKSLTLNFGKPMEVCKKELDLPDAVTKEFLNFWREGYEVKNRLTGCAIICMSEKLELLDEGLKLHHGNAKEFAKKHGADDGMAQQLVDMIHSCMESTPPNTDPCLKTVDVAMCFKLKIHDLSWNPD-----------
-1,---IIKSMASSFGKLVTECQTELELGNEIIQEFVSYWREDYQLVNRDMGCMILCMASRMDLIEfGDMTLHHGNAHEFAKSHGADDATAGQIVTIIHDCEKANMDEGDLCTRVMKVAKCFKVKMHDLKWAPS---IEVILEE-
-1,---VMHQMALKFGKPIKLCQQELGADDSVVKEFLDFWKDGYVMKDRQTGCMLICMAMKLELLDSAMEIHHGSTFAFAKAHGADEAMAQQIIDIVHGCTTTYPaaETNDPCQRAVNVAMCFKAHVHKLNWAPD-----------
-1,-ADAMKLLASGFISVLEICQKELNIEDGLISDLYHYWKLEFSMMQRDTGCALICMTKKLELLTDDGKFHHGVTKEFAMKNGADDNLATEMVSIIHSCETKSEGLDDECLRALEVAKCFRVALHDLHWepSPDVVITEVLGE--
-1,---VMKNLAINFAKPLDDCRKEMDLPDSVTTDFYNFWKEGYELTNRQTGCAILCLSSKLEILDQELNLHHGRAQEFAMKHGADEAMAKQIVDMIHTCAQSTPDVaADPCMKTLNVAKCFKDKIHELNWAPSM----------
-1,--EIIQTMSINYMKGLDTCKSELNLPDVVDIEFAQFWREDYIISNRLTGCAIVCLSSKLDLLEPDGSLHHGNAADFAKKHGADEAMAQQLIDILHQCEQQYPDKMDACLYALQVCNCFKTQIHKLNWAPDVELI-------
-1,---VMKDVTLGFGEALQKCREESELSEEKMEEFFHFWRDDFKFEHRELGCAIQCMSHHFNLLTSSSRMHHESMDNF-------------MVAMIHGCEQRFEADEDHCWRILHVAECFKQRCQEGGVAPtmEMMMAEFI----
-1,--EVLLNMSKGFGAAFEDCKIE----DHIMQDFFNFWREDYALVNRELGCMVICVAQRLGLMDADMKmhhgnahefaqkhgavranrelgcmvicvaqrlglmdadmmMHHGNAHEFAQKHGADDETAKKLVSVCHDCEKQHEAVEDHCARILEVAKCFRTKIHELKWAPSM---AVVMEE-
-1,--EVLLNMSKGFGAAFEDCKIE----DHIMQDFFNFWREDYALVNRELGCMVICVAQRLGLMDADMKmhhgnahefaqkhgavranrelgcmvicvaqrlglmdadmmMHHGNAHEFAQKHGADDETAKKLVSVCHDCEKQHEAVEDHCARILEVAKCFRTKIHELKWAPSM---AVVMEE-
-1,----MPYITSRFVKVLEECQHELKLNEHILEHLFHFWKLEYSLLGKDPGCAIICMSTKLDLLDLYGRMHRGNAAEFAKKHAAGDEVPSKIVTIIHFCQKKHEQDGDECLQVLEVATCCRTGLHDLNW--------------
-1,-----------------------GLPDTIYNDFYNFWSEDYVITNNATGCAFICIAARLNLIvnGPNSHINLNTFFQYSRKRGADDQTAKRLLQLLRYCEGQSRDETDTCMRVVHCANCFRREIHALNWAPKVEEI-------
-1,----------------EACRNFIGLKVEDANIVLSHWPANLNLakVNRTHKCYVACIFFSFSLLSSSGQLTLD------KYFDNGNINELQVAPTIRRCEYQFENEKDFCEHTFGMFDCFRQEM-------------------
-1,--------------------------------------------------------------------------EFAKKHGADEATAKQIMTIVHECEEKFATNEDHCARAMEVSRCFRDHMHRLQWAPSVDVL-------
-1,-------------------------------------------------CIVQCVFKQMGMTDDNGLPDHSKIVEGLLKNVTGRELSIFLQEAAGECFQQMDQEknTDSCVYSTQLVSCL-----------------------