pdbid,ref,boltz_pred,vina_pred
1B56,/home/ackson_tempel/lipid_docking_benchmark/benchmark_references/1B56.cif,/home/ackson_tempel/lipid_docking_benchmark/model_outputs/boltz/1B56_model_0.cif,/home/ackson_tempel/lipid_docking_benchmark/model_outputs/vina/1B56.pdbqt
1DSY,/home/ackson_tempel/lipid_docking_benchmark/benchmark_references/1DSY.cif,/home/ackson_tempel/lipid_docking_benchmark/model_outputs/boltz/1DSY_model_0.cif,/home/ackson_tempel/lipid_docking_benchmark/model_outputs/vina/1DSY.pdbqt
1FDQ,/home/ackson_tempel/lipid_docking_benchmark/benchmark_references/1FDQ.cif,/home/ackson_tempel/lipid_docking_benchmark/model_outputs/boltz/1FDQ_model_0.cif,/home/ackson_tempel/lipid_docking_benchmark/model_outputs/vina/1FDQ.pdbqt
1FE3,/home/ackson_tempel/lipid_docking_benchmark/benchmark_references/1FE3.cif,/home/ackson_tempel/lipid_docking_benchmark/model_outputs/boltz/1FE3_model_0.cif,/home/ackson_tempel/lipid_docking_benchmark/model_outputs/vina/1FE3.pdbqt
1FK1,/home/ackson_tempel/lipid_docking_benchmark/benchmark_references/1FK1.cif,/home/ackson_tempel/lipid_docking_benchmark/model_outputs/boltz/1FK1_model_0.cif,/home/ackson_tempel/lipid_docking_benchmark/model_outputs/vina/1FK1.pdbqt
1FK4,/home/ackson_tempel/lipid_docking_benchmark/benchmark_references/1FK4.cif,/home/ackson_tempel/lipid_docking_benchmark/model_outputs/boltz/1FK4_model_0.cif,/home/ackson_tempel/lipid_docking_benchmark/model_outputs/vina/1FK4.pdbqt
1H6H,/home/ackson_tempel/lipid_docking_benchmark/benchmark_references/1H6H.cif,/home/ackson_tempel/lipid_docking_benchmark/model_outputs/boltz/1H6H_model_0.cif,/home/ackson_tempel/lipid_docking_benchmark/model_outputs/vina/1H6H.pdbqt
1HMR,/home/ackson_tempel/lipid_docking_benchmark/benchmark_references/1HMR.cif,/home/ackson_tempel/lipid_docking_benchmark/model_outputs/boltz/1HMR_model_0.cif,/home/ackson_tempel/lipid_docking_benchmark/model_outputs/vina/1HMR.pdbqt
1HMS,/home/ackson_tempel/lipid_docking_benchmark/benchmark_references/1HMS.cif,/home/ackson_tempel/lipid_docking_benchmark/model_outputs/boltz/1HMS_model_0.cif,/home/ackson_tempel/lipid_docking_benchmark/model_outputs/vina/1HMS.pdbqt
1HMT,/home/ackson_tempel/lipid_docking_benchmark/benchmark_references/1HMT.cif,/home/ackson_tempel/lipid_docking_benchmark/model_outputs/boltz/1HMT_model_0.cif,/home/ackson_tempel/lipid_docking_benchmark/model_outputs/vina/1HMT.pdbqt
1ICM,/home/ackson_tempel/lipid_docking_benchmark/benchmark_references/1ICM.cif,/home/ackson_tempel/lipid_docking_benchmark/model_outputs/boltz/1ICM_model_0.cif,/home/ackson_tempel/lipid_docking_benchmark/model_outputs/vina/1ICM.pdbqt
1IKT,/home/ackson_tempel/lipid_docking_benchmark/benchmark_references/1IKT.cif,/home/ackson_tempel/lipid_docking_benchmark/model_outputs/boltz/1IKT_model_0.cif,/home/ackson_tempel/lipid_docking_benchmark/model_outputs/vina/1IKT.pdbqt
1LID,/home/ackson_tempel/lipid_docking_benchmark/benchmark_references/1LID.cif,/home/ackson_tempel/lipid_docking_benchmark/model_outputs/boltz/1LID_model_0.cif,/home/ackson_tempel/lipid_docking_benchmark/model_outputs/vina/1LID.pdbqt
1LN1,/home/ackson_tempel/lipid_docking_benchmark/benchmark_references/1LN1.cif,/home/ackson_tempel/lipid_docking_benchmark/model_outputs/boltz/1LN1_model_0.cif,/home/ackson_tempel/lipid_docking_benchmark/model_outputs/vina/1LN1.pdbqt
1LRI,/home/ackson_tempel/lipid_docking_benchmark/benchmark_references/1LRI.cif,/home/ackson_tempel/lipid_docking_benchmark/model_outputs/boltz/1LRI_model_0.cif,/home/ackson_tempel/lipid_docking_benchmark/model_outputs/vina/1LRI.pdbqt
1LV2,/home/ackson_tempel/lipid_docking_benchmark/benchmark_references/1LV2.cif,/home/ackson_tempel/lipid_docking_benchmark/model_outputs/boltz/1LV2_model_0.cif,/home/ackson_tempel/lipid_docking_benchmark/model_outputs/vina/1LV2.pdbqt
1MZM,/home/ackson_tempel/lipid_docking_benchmark/benchmark_references/1MZM.cif,/home/ackson_tempel/lipid_docking_benchmark/model_outputs/boltz/1MZM_model_0.cif,/home/ackson_tempel/lipid_docking_benchmark/model_outputs/vina/1MZM.pdbqt
1N83,/home/ackson_tempel/lipid_docking_benchmark/benchmark_references/1N83.cif,/home/ackson_tempel/lipid_docking_benchmark/model_outputs/boltz/1N83_model_0.cif,/home/ackson_tempel/lipid_docking_benchmark/model_outputs/vina/1N83.pdbqt
1O8V,/home/ackson_tempel/lipid_docking_benchmark/benchmark_references/1O8V.cif,/home/ackson_tempel/lipid_docking_benchmark/model_outputs/boltz/1O8V_model_0.cif,/home/ackson_tempel/lipid_docking_benchmark/model_outputs/vina/1O8V.pdbqt
1OCU,/home/ackson_tempel/lipid_docking_benchmark/benchmark_references/1OCU.cif,/home/ackson_tempel/lipid_docking_benchmark/model_outputs/boltz/1OCU_model_0.cif,/home/ackson_tempel/lipid_docking_benchmark/model_outputs/vina/1OCU.pdbqt
1P6E,/home/ackson_tempel/lipid_docking_benchmark/benchmark_references/1P6E.cif,/home/ackson_tempel/lipid_docking_benchmark/model_outputs/boltz/1P6E_model_0.cif,/home/ackson_tempel/lipid_docking_benchmark/model_outputs/vina/1P6E.pdbqt
1PUB,/home/ackson_tempel/lipid_docking_benchmark/benchmark_references/1PUB.cif,/home/ackson_tempel/lipid_docking_benchmark/model_outputs/boltz/1PUB_model_0.cif,/home/ackson_tempel/lipid_docking_benchmark/model_outputs/vina/1PUB.pdbqt
1PZ4,/home/ackson_tempel/lipid_docking_benchmark/benchmark_references/1PZ4.cif,/home/ackson_tempel/lipid_docking_benchmark/model_outputs/boltz/1PZ4_model_0.cif,/home/ackson_tempel/lipid_docking_benchmark/model_outputs/vina/1PZ4.pdbqt
1S8G,/home/ackson_tempel/lipid_docking_benchmark/benchmark_references/1S8G.cif,/home/ackson_tempel/lipid_docking_benchmark/model_outputs/boltz/1S8G_model_0.cif,/home/ackson_tempel/lipid_docking_benchmark/model_outputs/vina/1S8G.pdbqt
1T27,/home/ackson_tempel/lipid_docking_benchmark/benchmark_references/1T27.cif,/home/ackson_tempel/lipid_docking_benchmark/model_outputs/boltz/1T27_model_0.cif,/home/ackson_tempel/lipid_docking_benchmark/model_outputs/vina/1T27.pdbqt
1TC8,/home/ackson_tempel/lipid_docking_benchmark/benchmark_references/1TC8.cif,/home/ackson_tempel/lipid_docking_benchmark/model_outputs/boltz/1TC8_model_0.cif,/home/ackson_tempel/lipid_docking_benchmark/model_outputs/vina/1TC8.pdbqt
2A1L,/home/ackson_tempel/lipid_docking_benchmark/benchmark_references/2A1L.cif,/home/ackson_tempel/lipid_docking_benchmark/model_outputs/boltz/2A1L_model_0.cif,/home/ackson_tempel/lipid_docking_benchmark/model_outputs/vina/2A1L.pdbqt
2ALG,/home/ackson_tempel/lipid_docking_benchmark/benchmark_references/2ALG.cif,/home/ackson_tempel/lipid_docking_benchmark/model_outputs/boltz/2ALG_model_0.cif,/home/ackson_tempel/lipid_docking_benchmark/model_outputs/vina/2ALG.pdbqt
2B5S,/home/ackson_tempel/lipid_docking_benchmark/benchmark_references/2B5S.cif,/home/ackson_tempel/lipid_docking_benchmark/model_outputs/boltz/2B5S_model_0.cif,/home/ackson_tempel/lipid_docking_benchmark/model_outputs/vina/2B5S.pdbqt
2BV7,/home/ackson_tempel/lipid_docking_benchmark/benchmark_references/2BV7.cif,/home/ackson_tempel/lipid_docking_benchmark/model_outputs/boltz/2BV7_model_0.cif,/home/ackson_tempel/lipid_docking_benchmark/model_outputs/vina/2BV7.pdbqt
2DT8,/home/ackson_tempel/lipid_docking_benchmark/benchmark_references/2DT8.cif,/home/ackson_tempel/lipid_docking_benchmark/model_outputs/boltz/2DT8_model_0.cif,/home/ackson_tempel/lipid_docking_benchmark/model_outputs/vina/2DT8.pdbqt
2E3N,/home/ackson_tempel/lipid_docking_benchmark/benchmark_references/2E3N.cif,/home/ackson_tempel/lipid_docking_benchmark/model_outputs/boltz/2E3N_model_0.cif,/home/ackson_tempel/lipid_docking_benchmark/model_outputs/vina/2E3N.pdbqt
2E59,/home/ackson_tempel/lipid_docking_benchmark/benchmark_references/2E59.cif,/home/ackson_tempel/lipid_docking_benchmark/model_outputs/boltz/2E59_model_0.cif,/home/ackson_tempel/lipid_docking_benchmark/model_outputs/vina/2E59.pdbqt
2FTB,/home/ackson_tempel/lipid_docking_benchmark/benchmark_references/2FTB.cif,/home/ackson_tempel/lipid_docking_benchmark/model_outputs/boltz/2FTB_model_0.cif,/home/ackson_tempel/lipid_docking_benchmark/model_outputs/vina/2FTB.pdbqt
2HMB,/home/ackson_tempel/lipid_docking_benchmark/benchmark_references/2HMB.cif,/home/ackson_tempel/lipid_docking_benchmark/model_outputs/boltz/2HMB_model_0.cif,/home/ackson_tempel/lipid_docking_benchmark/model_outputs/vina/2HMB.pdbqt
2IFB,/home/ackson_tempel/lipid_docking_benchmark/benchmark_references/2IFB.cif,/home/ackson_tempel/lipid_docking_benchmark/model_outputs/boltz/2IFB_model_0.cif,/home/ackson_tempel/lipid_docking_benchmark/model_outputs/vina/2IFB.pdbqt
2OVD,/home/ackson_tempel/lipid_docking_benchmark/benchmark_references/2OVD.cif,/home/ackson_tempel/lipid_docking_benchmark/model_outputs/boltz/2OVD_model_0.cif,/home/ackson_tempel/lipid_docking_benchmark/model_outputs/vina/2OVD.pdbqt
2WC5,/home/ackson_tempel/lipid_docking_benchmark/benchmark_references/2WC5.cif,/home/ackson_tempel/lipid_docking_benchmark/model_outputs/boltz/2WC5_model_0.cif,/home/ackson_tempel/lipid_docking_benchmark/model_outputs/vina/2WC5.pdbqt
2WEW,/home/ackson_tempel/lipid_docking_benchmark/benchmark_references/2WEW.cif,/home/ackson_tempel/lipid_docking_benchmark/model_outputs/boltz/2WEW_model_0.cif,/home/ackson_tempel/lipid_docking_benchmark/model_outputs/vina/2WEW.pdbqt
2WEX,/home/ackson_tempel/lipid_docking_benchmark/benchmark_references/2WEX.cif,/home/ackson_tempel/lipid_docking_benchmark/model_outputs/boltz/2WEX_model_0.cif,/home/ackson_tempel/lipid_docking_benchmark/model_outputs/vina/2WEX.pdbqt
2WR6,/home/ackson_tempel/lipid_docking_benchmark/benchmark_references/2WR6.cif,/home/ackson_tempel/lipid_docking_benchmark/model_outputs/boltz/2WR6_model_0.cif,/home/ackson_tempel/lipid_docking_benchmark/model_outputs/vina/2WR6.pdbqt
2WUT,/home/ackson_tempel/lipid_docking_benchmark/benchmark_references/2WUT.cif,/home/ackson_tempel/lipid_docking_benchmark/model_outputs/boltz/2WUT_model_0.cif,/home/ackson_tempel/lipid_docking_benchmark/model_outputs/vina/2WUT.pdbqt
2Z9Y,/home/ackson_tempel/lipid_docking_benchmark/benchmark_references/2Z9Y.cif,/home/ackson_tempel/lipid_docking_benchmark/model_outputs/boltz/2Z9Y_model_0.cif,/home/ackson_tempel/lipid_docking_benchmark/model_outputs/vina/2Z9Y.pdbqt
2Z9Z,/home/ackson_tempel/lipid_docking_benchmark/benchmark_references/2Z9Z.cif,/home/ackson_tempel/lipid_docking_benchmark/model_outputs/boltz/2Z9Z_model_0.cif,/home/ackson_tempel/lipid_docking_benchmark/model_outputs/vina/2Z9Z.pdbqt
3AKN,/home/ackson_tempel/lipid_docking_benchmark/benchmark_references/3AKN.cif,/home/ackson_tempel/lipid_docking_benchmark/model_outputs/boltz/3AKN_model_0.cif,/home/ackson_tempel/lipid_docking_benchmark/model_outputs/vina/3AKN.pdbqt
3BFH,/home/ackson_tempel/lipid_docking_benchmark/benchmark_references/3BFH.cif,/home/ackson_tempel/lipid_docking_benchmark/model_outputs/boltz/3BFH_model_0.cif,/home/ackson_tempel/lipid_docking_benchmark/model_outputs/vina/3BFH.pdbqt
3BKR,/home/ackson_tempel/lipid_docking_benchmark/benchmark_references/3BKR.cif,/home/ackson_tempel/lipid_docking_benchmark/model_outputs/boltz/3BKR_model_0.cif,/home/ackson_tempel/lipid_docking_benchmark/model_outputs/vina/3BKR.pdbqt
3BKS,/home/ackson_tempel/lipid_docking_benchmark/benchmark_references/3BKS.cif,/home/ackson_tempel/lipid_docking_benchmark/model_outputs/boltz/3BKS_model_0.cif,/home/ackson_tempel/lipid_docking_benchmark/model_outputs/vina/3BKS.pdbqt
3FYS,/home/ackson_tempel/lipid_docking_benchmark/benchmark_references/3FYS.cif,/home/ackson_tempel/lipid_docking_benchmark/model_outputs/boltz/3FYS_model_0.cif,/home/ackson_tempel/lipid_docking_benchmark/model_outputs/vina/3FYS.pdbqt
3GKI,/home/ackson_tempel/lipid_docking_benchmark/benchmark_references/3GKI.cif,/home/ackson_tempel/lipid_docking_benchmark/model_outputs/boltz/3GKI_model_0.cif,/home/ackson_tempel/lipid_docking_benchmark/model_outputs/vina/3GKI.pdbqt
3GPE,/home/ackson_tempel/lipid_docking_benchmark/benchmark_references/3GPE.cif,/home/ackson_tempel/lipid_docking_benchmark/model_outputs/boltz/3GPE_model_0.cif,/home/ackson_tempel/lipid_docking_benchmark/model_outputs/vina/3GPE.pdbqt
3KYQ,/home/ackson_tempel/lipid_docking_benchmark/benchmark_references/3KYQ.cif,/home/ackson_tempel/lipid_docking_benchmark/model_outputs/boltz/3KYQ_model_0.cif,/home/ackson_tempel/lipid_docking_benchmark/model_outputs/vina/3KYQ.pdbqt
3L1N,/home/ackson_tempel/lipid_docking_benchmark/benchmark_references/3L1N.cif,/home/ackson_tempel/lipid_docking_benchmark/model_outputs/boltz/3L1N_model_0.cif,/home/ackson_tempel/lipid_docking_benchmark/model_outputs/vina/3L1N.pdbqt
3LUP,/home/ackson_tempel/lipid_docking_benchmark/benchmark_references/3LUP.cif,/home/ackson_tempel/lipid_docking_benchmark/model_outputs/boltz/3LUP_model_0.cif,/home/ackson_tempel/lipid_docking_benchmark/model_outputs/vina/3LUP.pdbqt
3PEG,/home/ackson_tempel/lipid_docking_benchmark/benchmark_references/3PEG.cif,/home/ackson_tempel/lipid_docking_benchmark/model_outputs/boltz/3PEG_model_0.cif,/home/ackson_tempel/lipid_docking_benchmark/model_outputs/vina/3PEG.pdbqt
3PL5,/home/ackson_tempel/lipid_docking_benchmark/benchmark_references/3PL5.cif,/home/ackson_tempel/lipid_docking_benchmark/model_outputs/boltz/3PL5_model_0.cif,/home/ackson_tempel/lipid_docking_benchmark/model_outputs/vina/3PL5.pdbqt
3PPT,/home/ackson_tempel/lipid_docking_benchmark/benchmark_references/3PPT.cif,/home/ackson_tempel/lipid_docking_benchmark/model_outputs/boltz/3PPT_model_0.cif,/home/ackson_tempel/lipid_docking_benchmark/model_outputs/vina/3PPT.pdbqt
3S0K,/home/ackson_tempel/lipid_docking_benchmark/benchmark_references/3S0K.cif,/home/ackson_tempel/lipid_docking_benchmark/model_outputs/boltz/3S0K_model_0.cif,/home/ackson_tempel/lipid_docking_benchmark/model_outputs/vina/3S0K.pdbqt
3STM,/home/ackson_tempel/lipid_docking_benchmark/benchmark_references/3STM.cif,/home/ackson_tempel/lipid_docking_benchmark/model_outputs/boltz/3STM_model_0.cif,/home/ackson_tempel/lipid_docking_benchmark/model_outputs/vina/3STM.pdbqt
3W9K,/home/ackson_tempel/lipid_docking_benchmark/benchmark_references/3W9K.cif,/home/ackson_tempel/lipid_docking_benchmark/model_outputs/boltz/3W9K_model_0.cif,/home/ackson_tempel/lipid_docking_benchmark/model_outputs/vina/3W9K.pdbqt
3WEB,/home/ackson_tempel/lipid_docking_benchmark/benchmark_references/3WEB.cif,/home/ackson_tempel/lipid_docking_benchmark/model_outputs/boltz/3WEB_model_0.cif,/home/ackson_tempel/lipid_docking_benchmark/model_outputs/vina/3WEB.pdbqt
4AZP,/home/ackson_tempel/lipid_docking_benchmark/benchmark_references/4AZP.cif,/home/ackson_tempel/lipid_docking_benchmark/model_outputs/boltz/4AZP_model_0.cif,/home/ackson_tempel/lipid_docking_benchmark/model_outputs/vina/4AZP.pdbqt
4DOL,/home/ackson_tempel/lipid_docking_benchmark/benchmark_references/4DOL.cif,/home/ackson_tempel/lipid_docking_benchmark/model_outputs/boltz/4DOL_model_0.cif,/home/ackson_tempel/lipid_docking_benchmark/model_outputs/vina/4DOL.pdbqt
4INQ,/home/ackson_tempel/lipid_docking_benchmark/benchmark_references/4INQ.cif,/home/ackson_tempel/lipid_docking_benchmark/model_outputs/boltz/4INQ_model_0.cif,/home/ackson_tempel/lipid_docking_benchmark/model_outputs/vina/4INQ.pdbqt
4K80,/home/ackson_tempel/lipid_docking_benchmark/benchmark_references/4K80.cif,/home/ackson_tempel/lipid_docking_benchmark/model_outputs/boltz/4K80_model_0.cif,/home/ackson_tempel/lipid_docking_benchmark/model_outputs/vina/4K80.pdbqt
4NS0,/home/ackson_tempel/lipid_docking_benchmark/benchmark_references/4NS0.cif,/home/ackson_tempel/lipid_docking_benchmark/model_outputs/boltz/4NS0_model_0.cif,/home/ackson_tempel/lipid_docking_benchmark/model_outputs/vina/4NS0.pdbqt
4QA8,/home/ackson_tempel/lipid_docking_benchmark/benchmark_references/4QA8.cif,/home/ackson_tempel/lipid_docking_benchmark/model_outputs/boltz/4QA8_model_0.cif,/home/ackson_tempel/lipid_docking_benchmark/model_outputs/vina/4QA8.pdbqt
4RC8,/home/ackson_tempel/lipid_docking_benchmark/benchmark_references/4RC8.cif,/home/ackson_tempel/lipid_docking_benchmark/model_outputs/boltz/4RC8_model_0.cif,/home/ackson_tempel/lipid_docking_benchmark/model_outputs/vina/4RC8.pdbqt
4TW3,/home/ackson_tempel/lipid_docking_benchmark/benchmark_references/4TW3.cif,/home/ackson_tempel/lipid_docking_benchmark/model_outputs/boltz/4TW3_model_0.cif,/home/ackson_tempel/lipid_docking_benchmark/model_outputs/vina/4TW3.pdbqt
4WBK,/home/ackson_tempel/lipid_docking_benchmark/benchmark_references/4WBK.cif,/home/ackson_tempel/lipid_docking_benchmark/model_outputs/boltz/4WBK_model_0.cif,/home/ackson_tempel/lipid_docking_benchmark/model_outputs/vina/4WBK.pdbqt
4X9X,/home/ackson_tempel/lipid_docking_benchmark/benchmark_references/4X9X.cif,/home/ackson_tempel/lipid_docking_benchmark/model_outputs/boltz/4X9X_model_0.cif,/home/ackson_tempel/lipid_docking_benchmark/model_outputs/vina/4X9X.pdbqt
5BVT,/home/ackson_tempel/lipid_docking_benchmark/benchmark_references/5BVT.cif,/home/ackson_tempel/lipid_docking_benchmark/model_outputs/boltz/5BVT_model_0.cif,/home/ackson_tempel/lipid_docking_benchmark/model_outputs/vina/5BVT.pdbqt
5K8K,/home/ackson_tempel/lipid_docking_benchmark/benchmark_references/5K8K.cif,/home/ackson_tempel/lipid_docking_benchmark/model_outputs/boltz/5K8K_model_0.cif,/home/ackson_tempel/lipid_docking_benchmark/model_outputs/vina/5K8K.pdbqt
5NU2,/home/ackson_tempel/lipid_docking_benchmark/benchmark_references/5NU2.cif,/home/ackson_tempel/lipid_docking_benchmark/model_outputs/boltz/5NU2_model_0.cif,/home/ackson_tempel/lipid_docking_benchmark/model_outputs/vina/5NU2.pdbqt
5NU6,/home/ackson_tempel/lipid_docking_benchmark/benchmark_references/5NU6.cif,/home/ackson_tempel/lipid_docking_benchmark/model_outputs/boltz/5NU6_model_0.cif,/home/ackson_tempel/lipid_docking_benchmark/model_outputs/vina/5NU6.pdbqt
5NUA,/home/ackson_tempel/lipid_docking_benchmark/benchmark_references/5NUA.cif,/home/ackson_tempel/lipid_docking_benchmark/model_outputs/boltz/5NUA_model_0.cif,/home/ackson_tempel/lipid_docking_benchmark/model_outputs/vina/5NUA.pdbqt
5UWZ,/home/ackson_tempel/lipid_docking_benchmark/benchmark_references/5UWZ.cif,/home/ackson_tempel/lipid_docking_benchmark/model_outputs/boltz/5UWZ_model_0.cif,/home/ackson_tempel/lipid_docking_benchmark/model_outputs/vina/5UWZ.pdbqt
5Y5C,/home/ackson_tempel/lipid_docking_benchmark/benchmark_references/5Y5C.cif,/home/ackson_tempel/lipid_docking_benchmark/model_outputs/boltz/5Y5C_model_0.cif,/home/ackson_tempel/lipid_docking_benchmark/model_outputs/vina/5Y5C.pdbqt
6C74,/home/ackson_tempel/lipid_docking_benchmark/benchmark_references/6C74.cif,/home/ackson_tempel/lipid_docking_benchmark/model_outputs/boltz/6C74_model_0.cif,/home/ackson_tempel/lipid_docking_benchmark/model_outputs/vina/6C74.pdbqt
6DGG,/home/ackson_tempel/lipid_docking_benchmark/benchmark_references/6DGG.cif,/home/ackson_tempel/lipid_docking_benchmark/model_outputs/boltz/6DGG_model_0.cif,/home/ackson_tempel/lipid_docking_benchmark/model_outputs/vina/6DGG.pdbqt
6DKE,/home/ackson_tempel/lipid_docking_benchmark/benchmark_references/6DKE.cif,/home/ackson_tempel/lipid_docking_benchmark/model_outputs/boltz/6DKE_model_0.cif,/home/ackson_tempel/lipid_docking_benchmark/model_outputs/vina/6DKE.pdbqt
6E5F,/home/ackson_tempel/lipid_docking_benchmark/benchmark_references/6E5F.cif,/home/ackson_tempel/lipid_docking_benchmark/model_outputs/boltz/6E5F_model_0.cif,/home/ackson_tempel/lipid_docking_benchmark/model_outputs/vina/6E5F.pdbqt
6EW2,/home/ackson_tempel/lipid_docking_benchmark/benchmark_references/6EW2.cif,/home/ackson_tempel/lipid_docking_benchmark/model_outputs/boltz/6EW2_model_0.cif,/home/ackson_tempel/lipid_docking_benchmark/model_outputs/vina/6EW2.pdbqt
6EW4,/home/ackson_tempel/lipid_docking_benchmark/benchmark_references/6EW4.cif,/home/ackson_tempel/lipid_docking_benchmark/model_outputs/boltz/6EW4_model_0.cif,/home/ackson_tempel/lipid_docking_benchmark/model_outputs/vina/6EW4.pdbqt
6GE7,/home/ackson_tempel/lipid_docking_benchmark/benchmark_references/6GE7.cif,/home/ackson_tempel/lipid_docking_benchmark/model_outputs/boltz/6GE7_model_0.cif,/home/ackson_tempel/lipid_docking_benchmark/model_outputs/vina/6GE7.pdbqt
6GF9,/home/ackson_tempel/lipid_docking_benchmark/benchmark_references/6GF9.cif,/home/ackson_tempel/lipid_docking_benchmark/model_outputs/boltz/6GF9_model_0.cif,/home/ackson_tempel/lipid_docking_benchmark/model_outputs/vina/6GF9.pdbqt
6GFS,/home/ackson_tempel/lipid_docking_benchmark/benchmark_references/6GFS.cif,/home/ackson_tempel/lipid_docking_benchmark/model_outputs/boltz/6GFS_model_0.cif,/home/ackson_tempel/lipid_docking_benchmark/model_outputs/vina/6GFS.pdbqt
6IWP,/home/ackson_tempel/lipid_docking_benchmark/benchmark_references/6IWP.cif,/home/ackson_tempel/lipid_docking_benchmark/model_outputs/boltz/6IWP_model_0.cif,/home/ackson_tempel/lipid_docking_benchmark/model_outputs/vina/6IWP.pdbqt
6LX7,/home/ackson_tempel/lipid_docking_benchmark/benchmark_references/6LX7.cif,/home/ackson_tempel/lipid_docking_benchmark/model_outputs/boltz/6LX7_model_0.cif,/home/ackson_tempel/lipid_docking_benchmark/model_outputs/vina/6LX7.pdbqt
6MD0,/home/ackson_tempel/lipid_docking_benchmark/benchmark_references/6MD0.cif,/home/ackson_tempel/lipid_docking_benchmark/model_outputs/boltz/6MD0_model_0.cif,/home/ackson_tempel/lipid_docking_benchmark/model_outputs/vina/6MD0.pdbqt
6NOK,/home/ackson_tempel/lipid_docking_benchmark/benchmark_references/6NOK.cif,/home/ackson_tempel/lipid_docking_benchmark/model_outputs/boltz/6NOK_model_0.cif,/home/ackson_tempel/lipid_docking_benchmark/model_outputs/vina/6NOK.pdbqt
6XU5,/home/ackson_tempel/lipid_docking_benchmark/benchmark_references/6XU5.cif,/home/ackson_tempel/lipid_docking_benchmark/model_outputs/boltz/6XU5_model_0.cif,/home/ackson_tempel/lipid_docking_benchmark/model_outputs/vina/6XU5.pdbqt
7DEI,/home/ackson_tempel/lipid_docking_benchmark/benchmark_references/7DEI.cif,/home/ackson_tempel/lipid_docking_benchmark/model_outputs/boltz/7DEI_model_0.cif,/home/ackson_tempel/lipid_docking_benchmark/model_outputs/vina/7DEI.pdbqt
7E25,/home/ackson_tempel/lipid_docking_benchmark/benchmark_references/7E25.cif,/home/ackson_tempel/lipid_docking_benchmark/model_outputs/boltz/7E25_model_0.cif,/home/ackson_tempel/lipid_docking_benchmark/model_outputs/vina/7E25.pdbqt
7FXL,/home/ackson_tempel/lipid_docking_benchmark/benchmark_references/7FXL.cif,/home/ackson_tempel/lipid_docking_benchmark/model_outputs/boltz/7FXL_model_0.cif,/home/ackson_tempel/lipid_docking_benchmark/model_outputs/vina/7FXL.pdbqt
7FY1,/home/ackson_tempel/lipid_docking_benchmark/benchmark_references/7FY1.cif,/home/ackson_tempel/lipid_docking_benchmark/model_outputs/boltz/7FY1_model_0.cif,/home/ackson_tempel/lipid_docking_benchmark/model_outputs/vina/7FY1.pdbqt
7FZK,/home/ackson_tempel/lipid_docking_benchmark/benchmark_references/7FZK.cif,/home/ackson_tempel/lipid_docking_benchmark/model_outputs/boltz/7FZK_model_0.cif,/home/ackson_tempel/lipid_docking_benchmark/model_outputs/vina/7FZK.pdbqt
7JX2,/home/ackson_tempel/lipid_docking_benchmark/benchmark_references/7JX2.cif,/home/ackson_tempel/lipid_docking_benchmark/model_outputs/boltz/7JX2_model_0.cif,/home/ackson_tempel/lipid_docking_benchmark/model_outputs/vina/7JX2.pdbqt
7K3I,/home/ackson_tempel/lipid_docking_benchmark/benchmark_references/7K3I.cif,/home/ackson_tempel/lipid_docking_benchmark/model_outputs/boltz/7K3I_model_0.cif,/home/ackson_tempel/lipid_docking_benchmark/model_outputs/vina/7K3I.pdbqt
7M6C,/home/ackson_tempel/lipid_docking_benchmark/benchmark_references/7M6C.cif,/home/ackson_tempel/lipid_docking_benchmark/model_outputs/boltz/7M6C_model_0.cif,/home/ackson_tempel/lipid_docking_benchmark/model_outputs/vina/7M6C.pdbqt
7Q02,/home/ackson_tempel/lipid_docking_benchmark/benchmark_references/7Q02.cif,/home/ackson_tempel/lipid_docking_benchmark/model_outputs/boltz/7Q02_model_0.cif,/home/ackson_tempel/lipid_docking_benchmark/model_outputs/vina/7Q02.pdbqt
7RJI,/home/ackson_tempel/lipid_docking_benchmark/benchmark_references/7RJI.cif,/home/ackson_tempel/lipid_docking_benchmark/model_outputs/boltz/7RJI_model_0.cif,/home/ackson_tempel/lipid_docking_benchmark/model_outputs/vina/7RJI.pdbqt
7U9D,/home/ackson_tempel/lipid_docking_benchmark/benchmark_references/7U9D.cif,/home/ackson_tempel/lipid_docking_benchmark/model_outputs/boltz/7U9D_model_0.cif,/home/ackson_tempel/lipid_docking_benchmark/model_outputs/vina/7U9D.pdbqt
7VR6,/home/ackson_tempel/lipid_docking_benchmark/benchmark_references/7VR6.cif,/home/ackson_tempel/lipid_docking_benchmark/model_outputs/boltz/7VR6_model_0.cif,/home/ackson_tempel/lipid_docking_benchmark/model_outputs/vina/7VR6.pdbqt
7WVT,/home/ackson_tempel/lipid_docking_benchmark/benchmark_references/7WVT.cif,/home/ackson_tempel/lipid_docking_benchmark/model_outputs/boltz/7WVT_model_0.cif,/home/ackson_tempel/lipid_docking_benchmark/model_outputs/vina/7WVT.pdbqt
7YF1,/home/ackson_tempel/lipid_docking_benchmark/benchmark_references/7YF1.cif,/home/ackson_tempel/lipid_docking_benchmark/model_outputs/boltz/7YF1_model_0.cif,/home/ackson_tempel/lipid_docking_benchmark/model_outputs/vina/7YF1.pdbqt
7Z6W,/home/ackson_tempel/lipid_docking_benchmark/benchmark_references/7Z6W.cif,/home/ackson_tempel/lipid_docking_benchmark/model_outputs/boltz/7Z6W_model_0.cif,/home/ackson_tempel/lipid_docking_benchmark/model_outputs/vina/7Z6W.pdbqt
8GOT,/home/ackson_tempel/lipid_docking_benchmark/benchmark_references/8GOT.cif,/home/ackson_tempel/lipid_docking_benchmark/model_outputs/boltz/8GOT_model_0.cif,/home/ackson_tempel/lipid_docking_benchmark/model_outputs/vina/8GOT.pdbqt
8GYN,/home/ackson_tempel/lipid_docking_benchmark/benchmark_references/8GYN.cif,/home/ackson_tempel/lipid_docking_benchmark/model_outputs/boltz/8GYN_model_0.cif,/home/ackson_tempel/lipid_docking_benchmark/model_outputs/vina/8GYN.pdbqt
8IVL,/home/ackson_tempel/lipid_docking_benchmark/benchmark_references/8IVL.cif,/home/ackson_tempel/lipid_docking_benchmark/model_outputs/boltz/8IVL_model_0.cif,/home/ackson_tempel/lipid_docking_benchmark/model_outputs/vina/8IVL.pdbqt
8QJZ,/home/ackson_tempel/lipid_docking_benchmark/benchmark_references/8QJZ.cif,/home/ackson_tempel/lipid_docking_benchmark/model_outputs/boltz/8QJZ_model_0.cif,/home/ackson_tempel/lipid_docking_benchmark/model_outputs/vina/8QJZ.pdbqt
8T5T,/home/ackson_tempel/lipid_docking_benchmark/benchmark_references/8T5T.cif,/home/ackson_tempel/lipid_docking_benchmark/model_outputs/boltz/8T5T_model_0.cif,/home/ackson_tempel/lipid_docking_benchmark/model_outputs/vina/8T5T.pdbqt
