pdbid,ref,pred
1B56,/home/ackson_tempel/lipid_docking_benchmark/benchmark_references/1B56.cif,/home/ackson_tempel/lipid_docking_benchmark/model_outputs/vina/1B56.pdbqt
1DSY,/home/ackson_tempel/lipid_docking_benchmark/benchmark_references/1DSY.cif,/home/ackson_tempel/lipid_docking_benchmark/model_outputs/vina/1DSY.pdbqt
1FDQ,/home/ackson_tempel/lipid_docking_benchmark/benchmark_references/1FDQ.cif,/home/ackson_tempel/lipid_docking_benchmark/model_outputs/vina/1FDQ.pdbqt
1FE3,/home/ackson_tempel/lipid_docking_benchmark/benchmark_references/1FE3.cif,/home/ackson_tempel/lipid_docking_benchmark/model_outputs/vina/1FE3.pdbqt
1FK1,/home/ackson_tempel/lipid_docking_benchmark/benchmark_references/1FK1.cif,/home/ackson_tempel/lipid_docking_benchmark/model_outputs/vina/1FK1.pdbqt
1FK4,/home/ackson_tempel/lipid_docking_benchmark/benchmark_references/1FK4.cif,/home/ackson_tempel/lipid_docking_benchmark/model_outputs/vina/1FK4.pdbqt
1H6H,/home/ackson_tempel/lipid_docking_benchmark/benchmark_references/1H6H.cif,/home/ackson_tempel/lipid_docking_benchmark/model_outputs/vina/1H6H.pdbqt
1HMR,/home/ackson_tempel/lipid_docking_benchmark/benchmark_references/1HMR.cif,/home/ackson_tempel/lipid_docking_benchmark/model_outputs/vina/1HMR.pdbqt
1HMS,/home/ackson_tempel/lipid_docking_benchmark/benchmark_references/1HMS.cif,/home/ackson_tempel/lipid_docking_benchmark/model_outputs/vina/1HMS.pdbqt
1HMT,/home/ackson_tempel/lipid_docking_benchmark/benchmark_references/1HMT.cif,/home/ackson_tempel/lipid_docking_benchmark/model_outputs/vina/1HMT.pdbqt
1ICM,/home/ackson_tempel/lipid_docking_benchmark/benchmark_references/1ICM.cif,/home/ackson_tempel/lipid_docking_benchmark/model_outputs/vina/1ICM.pdbqt
1ICN,/home/ackson_tempel/lipid_docking_benchmark/benchmark_references/1ICN.cif,/home/ackson_tempel/lipid_docking_benchmark/model_outputs/vina/1ICN.pdbqt
1IKT,/home/ackson_tempel/lipid_docking_benchmark/benchmark_references/1IKT.cif,/home/ackson_tempel/lipid_docking_benchmark/model_outputs/vina/1IKT.pdbqt
1LID,/home/ackson_tempel/lipid_docking_benchmark/benchmark_references/1LID.cif,/home/ackson_tempel/lipid_docking_benchmark/model_outputs/vina/1LID.pdbqt
1LN1,/home/ackson_tempel/lipid_docking_benchmark/benchmark_references/1LN1.cif,/home/ackson_tempel/lipid_docking_benchmark/model_outputs/vina/1LN1.pdbqt
1LRI,/home/ackson_tempel/lipid_docking_benchmark/benchmark_references/1LRI.cif,/home/ackson_tempel/lipid_docking_benchmark/model_outputs/vina/1LRI.pdbqt
1LV2,/home/ackson_tempel/lipid_docking_benchmark/benchmark_references/1LV2.cif,/home/ackson_tempel/lipid_docking_benchmark/model_outputs/vina/1LV2.pdbqt
1MID,/home/ackson_tempel/lipid_docking_benchmark/benchmark_references/1MID.cif,/home/ackson_tempel/lipid_docking_benchmark/model_outputs/vina/1MID.pdbqt
1MZM,/home/ackson_tempel/lipid_docking_benchmark/benchmark_references/1MZM.cif,/home/ackson_tempel/lipid_docking_benchmark/model_outputs/vina/1MZM.pdbqt
1N83,/home/ackson_tempel/lipid_docking_benchmark/benchmark_references/1N83.cif,/home/ackson_tempel/lipid_docking_benchmark/model_outputs/vina/1N83.pdbqt
1O8V,/home/ackson_tempel/lipid_docking_benchmark/benchmark_references/1O8V.cif,/home/ackson_tempel/lipid_docking_benchmark/model_outputs/vina/1O8V.pdbqt
1OCU,/home/ackson_tempel/lipid_docking_benchmark/benchmark_references/1OCU.cif,/home/ackson_tempel/lipid_docking_benchmark/model_outputs/vina/1OCU.pdbqt
1P6E,/home/ackson_tempel/lipid_docking_benchmark/benchmark_references/1P6E.cif,/home/ackson_tempel/lipid_docking_benchmark/model_outputs/vina/1P6E.pdbqt
1PUB,/home/ackson_tempel/lipid_docking_benchmark/benchmark_references/1PUB.cif,/home/ackson_tempel/lipid_docking_benchmark/model_outputs/vina/1PUB.pdbqt
1PZ4,/home/ackson_tempel/lipid_docking_benchmark/benchmark_references/1PZ4.cif,/home/ackson_tempel/lipid_docking_benchmark/model_outputs/vina/1PZ4.pdbqt
1S8G,/home/ackson_tempel/lipid_docking_benchmark/benchmark_references/1S8G.cif,/home/ackson_tempel/lipid_docking_benchmark/model_outputs/vina/1S8G.pdbqt
1T27,/home/ackson_tempel/lipid_docking_benchmark/benchmark_references/1T27.cif,/home/ackson_tempel/lipid_docking_benchmark/model_outputs/vina/1T27.pdbqt
1TC8,/home/ackson_tempel/lipid_docking_benchmark/benchmark_references/1TC8.cif,/home/ackson_tempel/lipid_docking_benchmark/model_outputs/vina/1TC8.pdbqt
1ZHT,/home/ackson_tempel/lipid_docking_benchmark/benchmark_references/1ZHT.cif,/home/ackson_tempel/lipid_docking_benchmark/model_outputs/vina/1ZHT.pdbqt
1ZHX,/home/ackson_tempel/lipid_docking_benchmark/benchmark_references/1ZHX.cif,/home/ackson_tempel/lipid_docking_benchmark/model_outputs/vina/1ZHX.pdbqt
2A1L,/home/ackson_tempel/lipid_docking_benchmark/benchmark_references/2A1L.cif,/home/ackson_tempel/lipid_docking_benchmark/model_outputs/vina/2A1L.pdbqt
2ALG,/home/ackson_tempel/lipid_docking_benchmark/benchmark_references/2ALG.cif,/home/ackson_tempel/lipid_docking_benchmark/model_outputs/vina/2ALG.pdbqt
2B5S,/home/ackson_tempel/lipid_docking_benchmark/benchmark_references/2B5S.cif,/home/ackson_tempel/lipid_docking_benchmark/model_outputs/vina/2B5S.pdbqt
2BV7,/home/ackson_tempel/lipid_docking_benchmark/benchmark_references/2BV7.cif,/home/ackson_tempel/lipid_docking_benchmark/model_outputs/vina/2BV7.pdbqt
2DT8,/home/ackson_tempel/lipid_docking_benchmark/benchmark_references/2DT8.cif,/home/ackson_tempel/lipid_docking_benchmark/model_outputs/vina/2DT8.pdbqt
2E3N,/home/ackson_tempel/lipid_docking_benchmark/benchmark_references/2E3N.cif,/home/ackson_tempel/lipid_docking_benchmark/model_outputs/vina/2E3N.pdbqt
2E59,/home/ackson_tempel/lipid_docking_benchmark/benchmark_references/2E59.cif,/home/ackson_tempel/lipid_docking_benchmark/model_outputs/vina/2E59.pdbqt
2FTB,/home/ackson_tempel/lipid_docking_benchmark/benchmark_references/2FTB.cif,/home/ackson_tempel/lipid_docking_benchmark/model_outputs/vina/2FTB.pdbqt
2HMB,/home/ackson_tempel/lipid_docking_benchmark/benchmark_references/2HMB.cif,/home/ackson_tempel/lipid_docking_benchmark/model_outputs/vina/2HMB.pdbqt
2IFB,/home/ackson_tempel/lipid_docking_benchmark/benchmark_references/2IFB.cif,/home/ackson_tempel/lipid_docking_benchmark/model_outputs/vina/2IFB.pdbqt
2OVD,/home/ackson_tempel/lipid_docking_benchmark/benchmark_references/2OVD.cif,/home/ackson_tempel/lipid_docking_benchmark/model_outputs/vina/2OVD.pdbqt
2WC5,/home/ackson_tempel/lipid_docking_benchmark/benchmark_references/2WC5.cif,/home/ackson_tempel/lipid_docking_benchmark/model_outputs/vina/2WC5.pdbqt
2WEW,/home/ackson_tempel/lipid_docking_benchmark/benchmark_references/2WEW.cif,/home/ackson_tempel/lipid_docking_benchmark/model_outputs/vina/2WEW.pdbqt
2WEX,/home/ackson_tempel/lipid_docking_benchmark/benchmark_references/2WEX.cif,/home/ackson_tempel/lipid_docking_benchmark/model_outputs/vina/2WEX.pdbqt
2WR6,/home/ackson_tempel/lipid_docking_benchmark/benchmark_references/2WR6.cif,/home/ackson_tempel/lipid_docking_benchmark/model_outputs/vina/2WR6.pdbqt
2WUT,/home/ackson_tempel/lipid_docking_benchmark/benchmark_references/2WUT.cif,/home/ackson_tempel/lipid_docking_benchmark/model_outputs/vina/2WUT.pdbqt
2Z9Y,/home/ackson_tempel/lipid_docking_benchmark/benchmark_references/2Z9Y.cif,/home/ackson_tempel/lipid_docking_benchmark/model_outputs/vina/2Z9Y.pdbqt
2Z9Z,/home/ackson_tempel/lipid_docking_benchmark/benchmark_references/2Z9Z.cif,/home/ackson_tempel/lipid_docking_benchmark/model_outputs/vina/2Z9Z.pdbqt
3AKN,/home/ackson_tempel/lipid_docking_benchmark/benchmark_references/3AKN.cif,/home/ackson_tempel/lipid_docking_benchmark/model_outputs/vina/3AKN.pdbqt
3B74,/home/ackson_tempel/lipid_docking_benchmark/benchmark_references/3B74.cif,/home/ackson_tempel/lipid_docking_benchmark/model_outputs/vina/3B74.pdbqt
3B7N,/home/ackson_tempel/lipid_docking_benchmark/benchmark_references/3B7N.cif,/home/ackson_tempel/lipid_docking_benchmark/model_outputs/vina/3B7N.pdbqt
3BFH,/home/ackson_tempel/lipid_docking_benchmark/benchmark_references/3BFH.cif,/home/ackson_tempel/lipid_docking_benchmark/model_outputs/vina/3BFH.pdbqt
3BKR,/home/ackson_tempel/lipid_docking_benchmark/benchmark_references/3BKR.cif,/home/ackson_tempel/lipid_docking_benchmark/model_outputs/vina/3BKR.pdbqt
3BKS,/home/ackson_tempel/lipid_docking_benchmark/benchmark_references/3BKS.cif,/home/ackson_tempel/lipid_docking_benchmark/model_outputs/vina/3BKS.pdbqt
3FYS,/home/ackson_tempel/lipid_docking_benchmark/benchmark_references/3FYS.cif,/home/ackson_tempel/lipid_docking_benchmark/model_outputs/vina/3FYS.pdbqt
3GKI,/home/ackson_tempel/lipid_docking_benchmark/benchmark_references/3GKI.cif,/home/ackson_tempel/lipid_docking_benchmark/model_outputs/vina/3GKI.pdbqt
3GPE,/home/ackson_tempel/lipid_docking_benchmark/benchmark_references/3GPE.cif,/home/ackson_tempel/lipid_docking_benchmark/model_outputs/vina/3GPE.pdbqt
3KXW,/home/ackson_tempel/lipid_docking_benchmark/benchmark_references/3KXW.cif,/home/ackson_tempel/lipid_docking_benchmark/model_outputs/vina/3KXW.pdbqt
3KYQ,/home/ackson_tempel/lipid_docking_benchmark/benchmark_references/3KYQ.cif,/home/ackson_tempel/lipid_docking_benchmark/model_outputs/vina/3KYQ.pdbqt
3L1N,/home/ackson_tempel/lipid_docking_benchmark/benchmark_references/3L1N.cif,/home/ackson_tempel/lipid_docking_benchmark/model_outputs/vina/3L1N.pdbqt
3LUP,/home/ackson_tempel/lipid_docking_benchmark/benchmark_references/3LUP.cif,/home/ackson_tempel/lipid_docking_benchmark/model_outputs/vina/3LUP.pdbqt
3PEG,/home/ackson_tempel/lipid_docking_benchmark/benchmark_references/3PEG.cif,/home/ackson_tempel/lipid_docking_benchmark/model_outputs/vina/3PEG.pdbqt
3PL5,/home/ackson_tempel/lipid_docking_benchmark/benchmark_references/3PL5.cif,/home/ackson_tempel/lipid_docking_benchmark/model_outputs/vina/3PL5.pdbqt
3PPT,/home/ackson_tempel/lipid_docking_benchmark/benchmark_references/3PPT.cif,/home/ackson_tempel/lipid_docking_benchmark/model_outputs/vina/3PPT.pdbqt
3Q8G,/home/ackson_tempel/lipid_docking_benchmark/benchmark_references/3Q8G.cif,/home/ackson_tempel/lipid_docking_benchmark/model_outputs/vina/3Q8G.pdbqt
3RGQ,/home/ackson_tempel/lipid_docking_benchmark/benchmark_references/3RGQ.cif,/home/ackson_tempel/lipid_docking_benchmark/model_outputs/vina/3RGQ.pdbqt
3S0K,/home/ackson_tempel/lipid_docking_benchmark/benchmark_references/3S0K.cif,/home/ackson_tempel/lipid_docking_benchmark/model_outputs/vina/3S0K.pdbqt
3STM,/home/ackson_tempel/lipid_docking_benchmark/benchmark_references/3STM.cif,/home/ackson_tempel/lipid_docking_benchmark/model_outputs/vina/3STM.pdbqt
3W9K,/home/ackson_tempel/lipid_docking_benchmark/benchmark_references/3W9K.cif,/home/ackson_tempel/lipid_docking_benchmark/model_outputs/vina/3W9K.pdbqt
3WEB,/home/ackson_tempel/lipid_docking_benchmark/benchmark_references/3WEB.cif,/home/ackson_tempel/lipid_docking_benchmark/model_outputs/vina/3WEB.pdbqt
4AZP,/home/ackson_tempel/lipid_docking_benchmark/benchmark_references/4AZP.cif,/home/ackson_tempel/lipid_docking_benchmark/model_outputs/vina/4AZP.pdbqt
4DOL,/home/ackson_tempel/lipid_docking_benchmark/benchmark_references/4DOL.cif,/home/ackson_tempel/lipid_docking_benchmark/model_outputs/vina/4DOL.pdbqt
4E6A,/home/ackson_tempel/lipid_docking_benchmark/benchmark_references/4E6A.cif,/home/ackson_tempel/lipid_docking_benchmark/model_outputs/vina/4E6A.pdbqt
4E6C,/home/ackson_tempel/lipid_docking_benchmark/benchmark_references/4E6C.cif,/home/ackson_tempel/lipid_docking_benchmark/model_outputs/vina/4E6C.pdbqt
4E8A,/home/ackson_tempel/lipid_docking_benchmark/benchmark_references/4E8A.cif,/home/ackson_tempel/lipid_docking_benchmark/model_outputs/vina/4E8A.pdbqt
4INQ,/home/ackson_tempel/lipid_docking_benchmark/benchmark_references/4INQ.cif,/home/ackson_tempel/lipid_docking_benchmark/model_outputs/vina/4INQ.pdbqt
4K80,/home/ackson_tempel/lipid_docking_benchmark/benchmark_references/4K80.cif,/home/ackson_tempel/lipid_docking_benchmark/model_outputs/vina/4K80.pdbqt
4N03,/home/ackson_tempel/lipid_docking_benchmark/benchmark_references/4N03.cif,/home/ackson_tempel/lipid_docking_benchmark/model_outputs/vina/4N03.pdbqt
4NS0,/home/ackson_tempel/lipid_docking_benchmark/benchmark_references/4NS0.cif,/home/ackson_tempel/lipid_docking_benchmark/model_outputs/vina/4NS0.pdbqt
4QA8,/home/ackson_tempel/lipid_docking_benchmark/benchmark_references/4QA8.cif,/home/ackson_tempel/lipid_docking_benchmark/model_outputs/vina/4QA8.pdbqt
4RC8,/home/ackson_tempel/lipid_docking_benchmark/benchmark_references/4RC8.cif,/home/ackson_tempel/lipid_docking_benchmark/model_outputs/vina/4RC8.pdbqt
4TW3,/home/ackson_tempel/lipid_docking_benchmark/benchmark_references/4TW3.cif,/home/ackson_tempel/lipid_docking_benchmark/model_outputs/vina/4TW3.pdbqt
4WBK,/home/ackson_tempel/lipid_docking_benchmark/benchmark_references/4WBK.cif,/home/ackson_tempel/lipid_docking_benchmark/model_outputs/vina/4WBK.pdbqt
4X9X,/home/ackson_tempel/lipid_docking_benchmark/benchmark_references/4X9X.cif,/home/ackson_tempel/lipid_docking_benchmark/model_outputs/vina/4X9X.pdbqt
5B29,/home/ackson_tempel/lipid_docking_benchmark/benchmark_references/5B29.cif,/home/ackson_tempel/lipid_docking_benchmark/model_outputs/vina/5B29.pdbqt
5BVT,/home/ackson_tempel/lipid_docking_benchmark/benchmark_references/5BVT.cif,/home/ackson_tempel/lipid_docking_benchmark/model_outputs/vina/5BVT.pdbqt
5E7X,/home/ackson_tempel/lipid_docking_benchmark/benchmark_references/5E7X.cif,/home/ackson_tempel/lipid_docking_benchmark/model_outputs/vina/5E7X.pdbqt
5HM3,/home/ackson_tempel/lipid_docking_benchmark/benchmark_references/5HM3.cif,/home/ackson_tempel/lipid_docking_benchmark/model_outputs/vina/5HM3.pdbqt
5K8K,/home/ackson_tempel/lipid_docking_benchmark/benchmark_references/5K8K.cif,/home/ackson_tempel/lipid_docking_benchmark/model_outputs/vina/5K8K.pdbqt
5NTY,/home/ackson_tempel/lipid_docking_benchmark/benchmark_references/5NTY.cif,/home/ackson_tempel/lipid_docking_benchmark/model_outputs/vina/5NTY.pdbqt
5NU2,/home/ackson_tempel/lipid_docking_benchmark/benchmark_references/5NU2.cif,/home/ackson_tempel/lipid_docking_benchmark/model_outputs/vina/5NU2.pdbqt
5NU6,/home/ackson_tempel/lipid_docking_benchmark/benchmark_references/5NU6.cif,/home/ackson_tempel/lipid_docking_benchmark/model_outputs/vina/5NU6.pdbqt
5NUA,/home/ackson_tempel/lipid_docking_benchmark/benchmark_references/5NUA.cif,/home/ackson_tempel/lipid_docking_benchmark/model_outputs/vina/5NUA.pdbqt
5TCX,/home/ackson_tempel/lipid_docking_benchmark/benchmark_references/5TCX.cif,/home/ackson_tempel/lipid_docking_benchmark/model_outputs/vina/5TCX.pdbqt
5UWZ,/home/ackson_tempel/lipid_docking_benchmark/benchmark_references/5UWZ.cif,/home/ackson_tempel/lipid_docking_benchmark/model_outputs/vina/5UWZ.pdbqt
5WVR,/home/ackson_tempel/lipid_docking_benchmark/benchmark_references/5WVR.cif,/home/ackson_tempel/lipid_docking_benchmark/model_outputs/vina/5WVR.pdbqt
5Y5C,/home/ackson_tempel/lipid_docking_benchmark/benchmark_references/5Y5C.cif,/home/ackson_tempel/lipid_docking_benchmark/model_outputs/vina/5Y5C.pdbqt
6C74,/home/ackson_tempel/lipid_docking_benchmark/benchmark_references/6C74.cif,/home/ackson_tempel/lipid_docking_benchmark/model_outputs/vina/6C74.pdbqt
6DGG,/home/ackson_tempel/lipid_docking_benchmark/benchmark_references/6DGG.cif,/home/ackson_tempel/lipid_docking_benchmark/model_outputs/vina/6DGG.pdbqt
6DKE,/home/ackson_tempel/lipid_docking_benchmark/benchmark_references/6DKE.cif,/home/ackson_tempel/lipid_docking_benchmark/model_outputs/vina/6DKE.pdbqt
6E5F,/home/ackson_tempel/lipid_docking_benchmark/benchmark_references/6E5F.cif,/home/ackson_tempel/lipid_docking_benchmark/model_outputs/vina/6E5F.pdbqt
6EW2,/home/ackson_tempel/lipid_docking_benchmark/benchmark_references/6EW2.cif,/home/ackson_tempel/lipid_docking_benchmark/model_outputs/vina/6EW2.pdbqt
6EW4,/home/ackson_tempel/lipid_docking_benchmark/benchmark_references/6EW4.cif,/home/ackson_tempel/lipid_docking_benchmark/model_outputs/vina/6EW4.pdbqt
6GE7,/home/ackson_tempel/lipid_docking_benchmark/benchmark_references/6GE7.cif,/home/ackson_tempel/lipid_docking_benchmark/model_outputs/vina/6GE7.pdbqt
6GF9,/home/ackson_tempel/lipid_docking_benchmark/benchmark_references/6GF9.cif,/home/ackson_tempel/lipid_docking_benchmark/model_outputs/vina/6GF9.pdbqt
6GFS,/home/ackson_tempel/lipid_docking_benchmark/benchmark_references/6GFS.cif,/home/ackson_tempel/lipid_docking_benchmark/model_outputs/vina/6GFS.pdbqt
6IWP,/home/ackson_tempel/lipid_docking_benchmark/benchmark_references/6IWP.cif,/home/ackson_tempel/lipid_docking_benchmark/model_outputs/vina/6IWP.pdbqt
6LX7,/home/ackson_tempel/lipid_docking_benchmark/benchmark_references/6LX7.cif,/home/ackson_tempel/lipid_docking_benchmark/model_outputs/vina/6LX7.pdbqt
6MD0,/home/ackson_tempel/lipid_docking_benchmark/benchmark_references/6MD0.cif,/home/ackson_tempel/lipid_docking_benchmark/model_outputs/vina/6MD0.pdbqt
6NOK,/home/ackson_tempel/lipid_docking_benchmark/benchmark_references/6NOK.cif,/home/ackson_tempel/lipid_docking_benchmark/model_outputs/vina/6NOK.pdbqt
6OMK,/home/ackson_tempel/lipid_docking_benchmark/benchmark_references/6OMK.cif,/home/ackson_tempel/lipid_docking_benchmark/model_outputs/vina/6OMK.pdbqt
6SLD,/home/ackson_tempel/lipid_docking_benchmark/benchmark_references/6SLD.cif,/home/ackson_tempel/lipid_docking_benchmark/model_outputs/vina/6SLD.pdbqt
6XU5,/home/ackson_tempel/lipid_docking_benchmark/benchmark_references/6XU5.cif,/home/ackson_tempel/lipid_docking_benchmark/model_outputs/vina/6XU5.pdbqt
6XU9,/home/ackson_tempel/lipid_docking_benchmark/benchmark_references/6XU9.cif,/home/ackson_tempel/lipid_docking_benchmark/model_outputs/vina/6XU9.pdbqt
6XUA,/home/ackson_tempel/lipid_docking_benchmark/benchmark_references/6XUA.cif,/home/ackson_tempel/lipid_docking_benchmark/model_outputs/vina/6XUA.pdbqt
6XUW,/home/ackson_tempel/lipid_docking_benchmark/benchmark_references/6XUW.cif,/home/ackson_tempel/lipid_docking_benchmark/model_outputs/vina/6XUW.pdbqt
6XVQ,/home/ackson_tempel/lipid_docking_benchmark/benchmark_references/6XVQ.cif,/home/ackson_tempel/lipid_docking_benchmark/model_outputs/vina/6XVQ.pdbqt
6XVR,/home/ackson_tempel/lipid_docking_benchmark/benchmark_references/6XVR.cif,/home/ackson_tempel/lipid_docking_benchmark/model_outputs/vina/6XVR.pdbqt
6XW9,/home/ackson_tempel/lipid_docking_benchmark/benchmark_references/6XW9.cif,/home/ackson_tempel/lipid_docking_benchmark/model_outputs/vina/6XW9.pdbqt
7DEI,/home/ackson_tempel/lipid_docking_benchmark/benchmark_references/7DEI.cif,/home/ackson_tempel/lipid_docking_benchmark/model_outputs/vina/7DEI.pdbqt
7E25,/home/ackson_tempel/lipid_docking_benchmark/benchmark_references/7E25.cif,/home/ackson_tempel/lipid_docking_benchmark/model_outputs/vina/7E25.pdbqt
7FXL,/home/ackson_tempel/lipid_docking_benchmark/benchmark_references/7FXL.cif,/home/ackson_tempel/lipid_docking_benchmark/model_outputs/vina/7FXL.pdbqt
7FY1,/home/ackson_tempel/lipid_docking_benchmark/benchmark_references/7FY1.cif,/home/ackson_tempel/lipid_docking_benchmark/model_outputs/vina/7FY1.pdbqt
7FZK,/home/ackson_tempel/lipid_docking_benchmark/benchmark_references/7FZK.cif,/home/ackson_tempel/lipid_docking_benchmark/model_outputs/vina/7FZK.pdbqt
7JX2,/home/ackson_tempel/lipid_docking_benchmark/benchmark_references/7JX2.cif,/home/ackson_tempel/lipid_docking_benchmark/model_outputs/vina/7JX2.pdbqt
7K3I,/home/ackson_tempel/lipid_docking_benchmark/benchmark_references/7K3I.cif,/home/ackson_tempel/lipid_docking_benchmark/model_outputs/vina/7K3I.pdbqt
7M6C,/home/ackson_tempel/lipid_docking_benchmark/benchmark_references/7M6C.cif,/home/ackson_tempel/lipid_docking_benchmark/model_outputs/vina/7M6C.pdbqt
7NRW,/home/ackson_tempel/lipid_docking_benchmark/benchmark_references/7NRW.cif,/home/ackson_tempel/lipid_docking_benchmark/model_outputs/vina/7NRW.pdbqt
7O60,/home/ackson_tempel/lipid_docking_benchmark/benchmark_references/7O60.cif,/home/ackson_tempel/lipid_docking_benchmark/model_outputs/vina/7O60.pdbqt
7Q02,/home/ackson_tempel/lipid_docking_benchmark/benchmark_references/7Q02.cif,/home/ackson_tempel/lipid_docking_benchmark/model_outputs/vina/7Q02.pdbqt
7RJI,/home/ackson_tempel/lipid_docking_benchmark/benchmark_references/7RJI.cif,/home/ackson_tempel/lipid_docking_benchmark/model_outputs/vina/7RJI.pdbqt
7U9D,/home/ackson_tempel/lipid_docking_benchmark/benchmark_references/7U9D.cif,/home/ackson_tempel/lipid_docking_benchmark/model_outputs/vina/7U9D.pdbqt
7VR6,/home/ackson_tempel/lipid_docking_benchmark/benchmark_references/7VR6.cif,/home/ackson_tempel/lipid_docking_benchmark/model_outputs/vina/7VR6.pdbqt
7WKB,/home/ackson_tempel/lipid_docking_benchmark/benchmark_references/7WKB.cif,/home/ackson_tempel/lipid_docking_benchmark/model_outputs/vina/7WKB.pdbqt
7WVT,/home/ackson_tempel/lipid_docking_benchmark/benchmark_references/7WVT.cif,/home/ackson_tempel/lipid_docking_benchmark/model_outputs/vina/7WVT.pdbqt
7YF1,/home/ackson_tempel/lipid_docking_benchmark/benchmark_references/7YF1.cif,/home/ackson_tempel/lipid_docking_benchmark/model_outputs/vina/7YF1.pdbqt
7Z6W,/home/ackson_tempel/lipid_docking_benchmark/benchmark_references/7Z6W.cif,/home/ackson_tempel/lipid_docking_benchmark/model_outputs/vina/7Z6W.pdbqt
8GOT,/home/ackson_tempel/lipid_docking_benchmark/benchmark_references/8GOT.cif,/home/ackson_tempel/lipid_docking_benchmark/model_outputs/vina/8GOT.pdbqt
8GYN,/home/ackson_tempel/lipid_docking_benchmark/benchmark_references/8GYN.cif,/home/ackson_tempel/lipid_docking_benchmark/model_outputs/vina/8GYN.pdbqt
8HD4,/home/ackson_tempel/lipid_docking_benchmark/benchmark_references/8HD4.cif,/home/ackson_tempel/lipid_docking_benchmark/model_outputs/vina/8HD4.pdbqt
8IQU,/home/ackson_tempel/lipid_docking_benchmark/benchmark_references/8IQU.cif,/home/ackson_tempel/lipid_docking_benchmark/model_outputs/vina/8IQU.pdbqt
8IVL,/home/ackson_tempel/lipid_docking_benchmark/benchmark_references/8IVL.cif,/home/ackson_tempel/lipid_docking_benchmark/model_outputs/vina/8IVL.pdbqt
8QJZ,/home/ackson_tempel/lipid_docking_benchmark/benchmark_references/8QJZ.cif,/home/ackson_tempel/lipid_docking_benchmark/model_outputs/vina/8QJZ.pdbqt
8T5T,/home/ackson_tempel/lipid_docking_benchmark/benchmark_references/8T5T.cif,/home/ackson_tempel/lipid_docking_benchmark/model_outputs/vina/8T5T.pdbqt
8YR6,/home/ackson_tempel/lipid_docking_benchmark/benchmark_references/8YR6.cif,/home/ackson_tempel/lipid_docking_benchmark/model_outputs/vina/8YR6.pdbqt
