pdbid,ref,pred,ligand_id,pairing_method,ligand_heavy_atoms,ligand_rmsd,protein_pairs,protein_rmsd,status,error
1B56,/home/ackson_tempel/lipid_docking_benchmark/benchmark_references/1B56.cif,/home/ackson_tempel/lipid_docking_benchmark/model_outputs/vina/1B56.pdbqt,A:PLM:136,RDKit,18,1.5084082117693953,133,8.33718951052895e-15,ok,
1DSY,/home/ackson_tempel/lipid_docking_benchmark/benchmark_references/1DSY.cif,/home/ackson_tempel/lipid_docking_benchmark/model_outputs/vina/1DSY.pdbqt,A:PSF:401,RDKit,25,3.967411786038857,137,5.331296896568333e-15,ok,
1FDQ,/home/ackson_tempel/lipid_docking_benchmark/benchmark_references/1FDQ.cif,/home/ackson_tempel/lipid_docking_benchmark/model_outputs/vina/1FDQ.pdbqt,A:HXA:133,RDKit,24,3.762038127797219,262,6.659488226326193e-15,ok,
1FE3,/home/ackson_tempel/lipid_docking_benchmark/benchmark_references/1FE3.cif,/home/ackson_tempel/lipid_docking_benchmark/model_outputs/vina/1FE3.pdbqt,A:OLA:133,RDKit,20,2.2828739562227245,131,4.094484057325085e-15,ok,
1FK1,/home/ackson_tempel/lipid_docking_benchmark/benchmark_references/1FK1.cif,/home/ackson_tempel/lipid_docking_benchmark/model_outputs/vina/1FK1.pdbqt,A:DAO:201,RDKit,14,1.7104119804471518,93,1.090050978404218e-14,ok,
1FK4,/home/ackson_tempel/lipid_docking_benchmark/benchmark_references/1FK4.cif,/home/ackson_tempel/lipid_docking_benchmark/model_outputs/vina/1FK4.pdbqt,A:STE:201,RDKit,20,1.7091823483759685,93,1.0156066362104893e-14,ok,
1H6H,/home/ackson_tempel/lipid_docking_benchmark/benchmark_references/1H6H.cif,/home/ackson_tempel/lipid_docking_benchmark/model_outputs/vina/1H6H.pdbqt,A:PIB:150,RDKit,35,4.431614916870437,143,6.3046969393185305e-15,ok,
1HMR,/home/ackson_tempel/lipid_docking_benchmark/benchmark_references/1HMR.cif,/home/ackson_tempel/lipid_docking_benchmark/model_outputs/vina/1HMR.pdbqt,A:ELA:133,RDKit,20,1.9288309283086493,131,8.527586259642335e-15,ok,
1HMS,/home/ackson_tempel/lipid_docking_benchmark/benchmark_references/1HMS.cif,/home/ackson_tempel/lipid_docking_benchmark/model_outputs/vina/1HMS.pdbqt,A:OLA:133,RDKit,20,1.6226128312077412,131,1.1009704657725108e-14,ok,
1HMT,/home/ackson_tempel/lipid_docking_benchmark/benchmark_references/1HMT.cif,/home/ackson_tempel/lipid_docking_benchmark/model_outputs/vina/1HMT.pdbqt,A:STE:133,RDKit,20,1.619686389397648,131,9.278697741093362e-15,ok,
1ICM,/home/ackson_tempel/lipid_docking_benchmark/benchmark_references/1ICM.cif,/home/ackson_tempel/lipid_docking_benchmark/model_outputs/vina/1ICM.pdbqt,A:MYR:133,RDKit,16,2.860474556345503,131,4.38356860700124e-15,ok,
1IKT,/home/ackson_tempel/lipid_docking_benchmark/benchmark_references/1IKT.cif,/home/ackson_tempel/lipid_docking_benchmark/model_outputs/vina/1IKT.pdbqt,A:OXN:123,RDKit,25,1.3987914783841073,115,6.272789757572364e-15,ok,
1LID,/home/ackson_tempel/lipid_docking_benchmark/benchmark_references/1LID.cif,/home/ackson_tempel/lipid_docking_benchmark/model_outputs/vina/1LID.pdbqt,A:OLA:132,RDKit,20,3.2727732200688733,131,9.149395673849872e-15,ok,
1LN1,/home/ackson_tempel/lipid_docking_benchmark/benchmark_references/1LN1.cif,/home/ackson_tempel/lipid_docking_benchmark/model_outputs/vina/1LN1.pdbqt,A:DLP:2313,RDKit,54,3.8404971442268776,203,6.519868811171909e-15,ok,
1LRI,/home/ackson_tempel/lipid_docking_benchmark/benchmark_references/1LRI.cif,/home/ackson_tempel/lipid_docking_benchmark/model_outputs/vina/1LRI.pdbqt,A:CLR:99,RDKit,28,1.2036789735758329,98,1.2090754480972207e-14,ok,
1LV2,/home/ackson_tempel/lipid_docking_benchmark/benchmark_references/1LV2.cif,/home/ackson_tempel/lipid_docking_benchmark/model_outputs/vina/1LV2.pdbqt,A:PLM:328,RDKit,18,1.1807439509808109,225,1.3679869992409646e-14,ok,
1MZM,/home/ackson_tempel/lipid_docking_benchmark/benchmark_references/1MZM.cif,/home/ackson_tempel/lipid_docking_benchmark/model_outputs/vina/1MZM.pdbqt,A:PLM:201,RDKit,18,1.904295218126058,93,1.0467012930972528e-14,ok,
1N83,/home/ackson_tempel/lipid_docking_benchmark/benchmark_references/1N83.cif,/home/ackson_tempel/lipid_docking_benchmark/model_outputs/vina/1N83.pdbqt,A:CLR:1000,RDKit,28,0.6253043544661157,251,5.746952564353835e-15,ok,
1O8V,/home/ackson_tempel/lipid_docking_benchmark/benchmark_references/1O8V.cif,/home/ackson_tempel/lipid_docking_benchmark/model_outputs/vina/1O8V.pdbqt,A:PLM:1136,RDKit,18,1.2846817375002522,132,5.904558544406767e-15,ok,
1OCU,/home/ackson_tempel/lipid_docking_benchmark/benchmark_references/1OCU.cif,/home/ackson_tempel/lipid_docking_benchmark/model_outputs/vina/1OCU.pdbqt,A:PIB:1163,RDKit,22,0.919694242669813,264,1.4737696650794924e-14,ok,
1P6E,/home/ackson_tempel/lipid_docking_benchmark/benchmark_references/1P6E.cif,/home/ackson_tempel/lipid_docking_benchmark/model_outputs/vina/1P6E.pdbqt,A:PC5:601,RDKit,28,4.220227604728716,245,8.272705034347994e-15,ok,
1PUB,/home/ackson_tempel/lipid_docking_benchmark/benchmark_references/1PUB.cif,/home/ackson_tempel/lipid_docking_benchmark/model_outputs/vina/1PUB.pdbqt,A:3PH:2341,RDKit,48,10.636917330301419,162,5.973012435676488e-15,ok,
1PZ4,/home/ackson_tempel/lipid_docking_benchmark/benchmark_references/1PZ4.cif,/home/ackson_tempel/lipid_docking_benchmark/model_outputs/vina/1PZ4.pdbqt,A:PLM:200,RDKit,18,1.6401259267372037,113,1.1395776309668114e-14,ok,
1S8G,/home/ackson_tempel/lipid_docking_benchmark/benchmark_references/1S8G.cif,/home/ackson_tempel/lipid_docking_benchmark/model_outputs/vina/1S8G.pdbqt,A:DAO:135,RDKit,14,1.661834399520171,121,1.0050682689484122e-14,ok,
1T27,/home/ackson_tempel/lipid_docking_benchmark/benchmark_references/1T27.cif,/home/ackson_tempel/lipid_docking_benchmark/model_outputs/vina/1T27.pdbqt,A:PCW:501,RDKit,54,2.7973579631634706,269,5.783401375101921e-15,ok,
1TC8,/home/ackson_tempel/lipid_docking_benchmark/benchmark_references/1TC8.cif,/home/ackson_tempel/lipid_docking_benchmark/model_outputs/vina/1TC8.pdbqt,A:TDA:122,RDKit,15,4.8513006434700925,118,8.34532277055973e-15,ok,
2A1L,/home/ackson_tempel/lipid_docking_benchmark/benchmark_references/2A1L.cif,/home/ackson_tempel/lipid_docking_benchmark/model_outputs/vina/2A1L.pdbqt,A:PCW:501,RDKit,54,1.8162389965509993,269,1.2384761017826268e-14,ok,
2ALG,/home/ackson_tempel/lipid_docking_benchmark/benchmark_references/2ALG.cif,/home/ackson_tempel/lipid_docking_benchmark/model_outputs/vina/2ALG.pdbqt,A:DAO:202,RDKit,14,4.234929456319195,184,6.94929060939e-15,ok,
2B5S,/home/ackson_tempel/lipid_docking_benchmark/benchmark_references/2B5S.cif,/home/ackson_tempel/lipid_docking_benchmark/model_outputs/vina/2B5S.pdbqt,A:DAO:202,RDKit,14,2.1120971805293416,184,7.71782367650013e-15,ok,
2BV7,/home/ackson_tempel/lipid_docking_benchmark/benchmark_references/2BV7.cif,/home/ackson_tempel/lipid_docking_benchmark/model_outputs/vina/2BV7.pdbqt,A:GM3:1212,RDKit,44,4.546209197582291,202,6.014920578904611e-15,ok,
2DT8,/home/ackson_tempel/lipid_docking_benchmark/benchmark_references/2DT8.cif,/home/ackson_tempel/lipid_docking_benchmark/model_outputs/vina/2DT8.pdbqt,A:PLM:701,RDKit,18,6.495749584664322,277,1.461693006349216e-14,ok,
2E3N,/home/ackson_tempel/lipid_docking_benchmark/benchmark_references/2E3N.cif,/home/ackson_tempel/lipid_docking_benchmark/model_outputs/vina/2E3N.pdbqt,A:6CM:600,RDKit,28,1.6667889467047567,231,1.0726303417360989e-14,ok,
2E59,/home/ackson_tempel/lipid_docking_benchmark/benchmark_references/2E59.cif,/home/ackson_tempel/lipid_docking_benchmark/model_outputs/vina/2E59.pdbqt,A:LP5:501,RDKit,48,6.152857809925943,144,5.823125415420785e-15,ok,
2FTB,/home/ackson_tempel/lipid_docking_benchmark/benchmark_references/2FTB.cif,/home/ackson_tempel/lipid_docking_benchmark/model_outputs/vina/2FTB.pdbqt,A:OLA:130,RDKit,20,5.841591576787957,125,9.569514535015516e-15,ok,
2HMB,/home/ackson_tempel/lipid_docking_benchmark/benchmark_references/2HMB.cif,/home/ackson_tempel/lipid_docking_benchmark/model_outputs/vina/2HMB.pdbqt,A:PLM:133,RDKit,18,1.5115180007749367,131,8.585646792518368e-15,ok,
2IFB,/home/ackson_tempel/lipid_docking_benchmark/benchmark_references/2IFB.cif,/home/ackson_tempel/lipid_docking_benchmark/model_outputs/vina/2IFB.pdbqt,A:PLM:133,RDKit,18,1.4931849070582885,131,6.830421479963512e-15,ok,
2OVD,/home/ackson_tempel/lipid_docking_benchmark/benchmark_references/2OVD.cif,/home/ackson_tempel/lipid_docking_benchmark/model_outputs/vina/2OVD.pdbqt,A:DAO:190,RDKit,14,1.9297829818772025,162,1.141867097794028e-14,ok,
2WC5,/home/ackson_tempel/lipid_docking_benchmark/benchmark_references/2WC5.cif,/home/ackson_tempel/lipid_docking_benchmark/model_outputs/vina/2WC5.pdbqt,A:BOM:1143,RDKit,17,5.578029511870131,141,3.5232364247451927e-15,ok,
2WEW,/home/ackson_tempel/lipid_docking_benchmark/benchmark_references/2WEW.cif,/home/ackson_tempel/lipid_docking_benchmark/model_outputs/vina/2WEW.pdbqt,A:MYR:1188,RDKit,16,1.5351027042188414,170,4.47676706845323e-15,ok,
2WEX,/home/ackson_tempel/lipid_docking_benchmark/benchmark_references/2WEX.cif,/home/ackson_tempel/lipid_docking_benchmark/model_outputs/vina/2WEX.pdbqt,A:GYM:1186,RDKit,21,2.005137069296428,159,2.5508605649245487e-15,ok,
2WR6,/home/ackson_tempel/lipid_docking_benchmark/benchmark_references/2WR6.cif,/home/ackson_tempel/lipid_docking_benchmark/model_outputs/vina/2WR6.pdbqt,A:ODT:1176,RDKit,20,1.5346727012623897,174,9.733800028464304e-15,ok,
2WUT,/home/ackson_tempel/lipid_docking_benchmark/benchmark_references/2WUT.cif,/home/ackson_tempel/lipid_docking_benchmark/model_outputs/vina/2WUT.pdbqt,A:PLM:1134,RDKit,18,1.864606884395028,133,7.096655000166756e-15,ok,
2Z9Y,/home/ackson_tempel/lipid_docking_benchmark/benchmark_references/2Z9Y.cif,/home/ackson_tempel/lipid_docking_benchmark/model_outputs/vina/2Z9Y.pdbqt,A:DDR:1,RDKit,28,1.3966975718253596,230,7.718569382005388e-15,ok,
2Z9Z,/home/ackson_tempel/lipid_docking_benchmark/benchmark_references/2Z9Z.cif,/home/ackson_tempel/lipid_docking_benchmark/model_outputs/vina/2Z9Z.pdbqt,A:DDR:1,RDKit,28,1.5953876376246976,235,7.0563925512188696e-15,ok,
3AKN,/home/ackson_tempel/lipid_docking_benchmark/benchmark_references/3AKN.cif,/home/ackson_tempel/lipid_docking_benchmark/model_outputs/vina/3AKN.pdbqt,A:11D:132,RDKit,30,1.5282805588852681,130,6.840777940099496e-15,ok,
3BFH,/home/ackson_tempel/lipid_docking_benchmark/benchmark_references/3BFH.cif,/home/ackson_tempel/lipid_docking_benchmark/model_outputs/vina/3BFH.pdbqt,A:PLM:121,RDKit,18,3.3575576027159326,116,5.023878821106148e-15,ok,
3BKR,/home/ackson_tempel/lipid_docking_benchmark/benchmark_references/3BKR.cif,/home/ackson_tempel/lipid_docking_benchmark/model_outputs/vina/3BKR.pdbqt,A:PLM:300,RDKit,18,1.3208473921438975,119,2.607451744458388e-15,ok,
3BKS,/home/ackson_tempel/lipid_docking_benchmark/benchmark_references/3BKS.cif,/home/ackson_tempel/lipid_docking_benchmark/model_outputs/vina/3BKS.pdbqt,A:PLM:400,RDKit,18,1.8207500743741103,119,5.071977941820538e-15,ok,
3FYS,/home/ackson_tempel/lipid_docking_benchmark/benchmark_references/3FYS.cif,/home/ackson_tempel/lipid_docking_benchmark/model_outputs/vina/3FYS.pdbqt,A:PLM:501,RDKit,18,0.803554948684628,282,5.369312831249955e-15,ok,
3GKI,/home/ackson_tempel/lipid_docking_benchmark/benchmark_references/3GKI.cif,/home/ackson_tempel/lipid_docking_benchmark/model_outputs/vina/3GKI.pdbqt,A:CLR:253,RDKit,28,0.8975024472708386,225,5.8311818530472165e-15,ok,
3GPE,/home/ackson_tempel/lipid_docking_benchmark/benchmark_references/3GPE.cif,/home/ackson_tempel/lipid_docking_benchmark/model_outputs/vina/3GPE.pdbqt,A:PT5:600,RDKit,24,2.442936057970683,137,4.216896561530576e-15,ok,
3KYQ,/home/ackson_tempel/lipid_docking_benchmark/benchmark_references/3KYQ.cif,/home/ackson_tempel/lipid_docking_benchmark/model_outputs/vina/3KYQ.pdbqt,A:DPV:201,RDKit,23,5.6676336983904,193,4.100689160309675e-15,ok,
3L1N,/home/ackson_tempel/lipid_docking_benchmark/benchmark_references/3L1N.cif,/home/ackson_tempel/lipid_docking_benchmark/model_outputs/vina/3L1N.pdbqt,A:PLM:161,RDKit,18,2.1658865646914927,152,6.146883843144387e-15,ok,
3LUP,/home/ackson_tempel/lipid_docking_benchmark/benchmark_references/3LUP.cif,/home/ackson_tempel/lipid_docking_benchmark/model_outputs/vina/3LUP.pdbqt,A:ELA:301,RDKit,20,2.0287662876733683,279,1.0014344841089475e-14,ok,
3PEG,/home/ackson_tempel/lipid_docking_benchmark/benchmark_references/3PEG.cif,/home/ackson_tempel/lipid_docking_benchmark/model_outputs/vina/3PEG.pdbqt,A:PEV:500,RDKit,47,5.509759808642856,244,4.534297790527152e-15,ok,
3PL5,/home/ackson_tempel/lipid_docking_benchmark/benchmark_references/3PL5.cif,/home/ackson_tempel/lipid_docking_benchmark/model_outputs/vina/3PL5.pdbqt,A:PLM:702,RDKit,18,1.4693936580175633,277,2.7048679408236475e-14,ok,
3PPT,/home/ackson_tempel/lipid_docking_benchmark/benchmark_references/3PPT.cif,/home/ackson_tempel/lipid_docking_benchmark/model_outputs/vina/3PPT.pdbqt,A:PAM:500,RDKit,18,2.066728520579754,133,7.435719279976705e-15,ok,
3S0K,/home/ackson_tempel/lipid_docking_benchmark/benchmark_references/3S0K.cif,/home/ackson_tempel/lipid_docking_benchmark/model_outputs/vina/3S0K.pdbqt,A:03F:210,RDKit,51,8.848145768974405,203,8.797158937502838e-15,ok,
3STM,/home/ackson_tempel/lipid_docking_benchmark/benchmark_references/3STM.cif,/home/ackson_tempel/lipid_docking_benchmark/model_outputs/vina/3STM.pdbqt,X:PLM:130,RDKit,18,1.7632213732572293,127,5.339842897787133e-15,ok,
3W9K,/home/ackson_tempel/lipid_docking_benchmark/benchmark_references/3W9K.cif,/home/ackson_tempel/lipid_docking_benchmark/model_outputs/vina/3W9K.pdbqt,A:MYR:201,RDKit,16,1.4635894660047253,135,4.610300633253077e-15,ok,
3WEB,/home/ackson_tempel/lipid_docking_benchmark/benchmark_references/3WEB.cif,/home/ackson_tempel/lipid_docking_benchmark/model_outputs/vina/3WEB.pdbqt,A:OLA:201,RDKit,20,1.815806459951062,132,7.555731744299674e-15,ok,
4AZP,/home/ackson_tempel/lipid_docking_benchmark/benchmark_references/4AZP.cif,/home/ackson_tempel/lipid_docking_benchmark/model_outputs/vina/4AZP.pdbqt,A:A9M:1136,RDKit,25,1.7817527101143982,134,5.686431089448624e-15,ok,
4DOL,/home/ackson_tempel/lipid_docking_benchmark/benchmark_references/4DOL.cif,/home/ackson_tempel/lipid_docking_benchmark/model_outputs/vina/4DOL.pdbqt,A:PLM:301,RDKit,18,1.758186613151931,207,6.899727916486784e-15,ok,
4INQ,/home/ackson_tempel/lipid_docking_benchmark/benchmark_references/4INQ.cif,/home/ackson_tempel/lipid_docking_benchmark/model_outputs/vina/4INQ.pdbqt,A:PIF:1001,RDKit,43,1.6839290088886607,372,4.896719436644126e-15,ok,
4K80,/home/ackson_tempel/lipid_docking_benchmark/benchmark_references/4K80.cif,/home/ackson_tempel/lipid_docking_benchmark/model_outputs/vina/4K80.pdbqt,A:1PW:301,RDKit,28,1.3410107728341116,209,8.049771065287684e-15,ok,
4NS0,/home/ackson_tempel/lipid_docking_benchmark/benchmark_references/4NS0.cif,/home/ackson_tempel/lipid_docking_benchmark/model_outputs/vina/4NS0.pdbqt,A:PIO:601,RDKit,34,3.898626654877031,128,7.5829241692784e-15,ok,
4QA8,/home/ackson_tempel/lipid_docking_benchmark/benchmark_references/4QA8.cif,/home/ackson_tempel/lipid_docking_benchmark/model_outputs/vina/4QA8.pdbqt,A:PJZ:301,RDKit,34,1.6459907440237231,210,6.410114363416556e-14,ok,
4RC8,/home/ackson_tempel/lipid_docking_benchmark/benchmark_references/4RC8.cif,/home/ackson_tempel/lipid_docking_benchmark/model_outputs/vina/4RC8.pdbqt,A:STE:301,RDKit,20,4.749177844637955,444,9.600468496787617e-15,ok,
4TW3,/home/ackson_tempel/lipid_docking_benchmark/benchmark_references/4TW3.cif,/home/ackson_tempel/lipid_docking_benchmark/model_outputs/vina/4TW3.pdbqt,A:STE:303,RDKit,20,5.861668431428035,222,1.1683705704818043e-14,ok,
4WBK,/home/ackson_tempel/lipid_docking_benchmark/benchmark_references/4WBK.cif,/home/ackson_tempel/lipid_docking_benchmark/model_outputs/vina/4WBK.pdbqt,A:STE:200,RDKit,20,1.2690504915093013,133,5.942856958522402e-15,ok,
4X9X,/home/ackson_tempel/lipid_docking_benchmark/benchmark_references/4X9X.cif,/home/ackson_tempel/lipid_docking_benchmark/model_outputs/vina/4X9X.pdbqt,A:OLA:301,RDKit,20,1.5080001326259866,268,1.0839251316814124e-14,ok,
5BVT,/home/ackson_tempel/lipid_docking_benchmark/benchmark_references/5BVT.cif,/home/ackson_tempel/lipid_docking_benchmark/model_outputs/vina/5BVT.pdbqt,A:PAM:201,RDKit,18,1.0924931985549795,134,6.19120744297956e-15,ok,
5K8K,/home/ackson_tempel/lipid_docking_benchmark/benchmark_references/5K8K.cif,/home/ackson_tempel/lipid_docking_benchmark/model_outputs/vina/5K8K.pdbqt,A:LP5:303,RDKit,48,6.399039849852473,233,9.73690219991194e-15,ok,
5NU2,/home/ackson_tempel/lipid_docking_benchmark/benchmark_references/5NU2.cif,/home/ackson_tempel/lipid_docking_benchmark/model_outputs/vina/5NU2.pdbqt,A:PLM:201,RDKit,18,1.5015637219615807,174,8.966459531371643e-15,ok,
5NU6,/home/ackson_tempel/lipid_docking_benchmark/benchmark_references/5NU6.cif,/home/ackson_tempel/lipid_docking_benchmark/model_outputs/vina/5NU6.pdbqt,A:PLM:201,RDKit,18,1.5820700750037038,174,8.377558710390308e-15,ok,
5NUA,/home/ackson_tempel/lipid_docking_benchmark/benchmark_references/5NUA.cif,/home/ackson_tempel/lipid_docking_benchmark/model_outputs/vina/5NUA.pdbqt,A:DAO:201,RDKit,14,1.8425325157045602,174,8.587124031713226e-15,ok,
5UWZ,/home/ackson_tempel/lipid_docking_benchmark/benchmark_references/5UWZ.cif,/home/ackson_tempel/lipid_docking_benchmark/model_outputs/vina/5UWZ.pdbqt,A:STE:303,RDKit,20,1.0744929036526945,219,8.315236687099618e-15,ok,
5Y5C,/home/ackson_tempel/lipid_docking_benchmark/benchmark_references/5Y5C.cif,/home/ackson_tempel/lipid_docking_benchmark/model_outputs/vina/5Y5C.pdbqt,B:HXA:201,RDKit,24,2.3600573439360883,317,1.036391039644771e-14,ok,
6C74,/home/ackson_tempel/lipid_docking_benchmark/benchmark_references/6C74.cif,/home/ackson_tempel/lipid_docking_benchmark/model_outputs/vina/6C74.pdbqt,A:PC:201,RDKit,11,2.5905055491158473,111,4.409470742292316e-15,ok,
6DGG,/home/ackson_tempel/lipid_docking_benchmark/benchmark_references/6DGG.cif,/home/ackson_tempel/lipid_docking_benchmark/model_outputs/vina/6DGG.pdbqt,A:DAO:301,RDKit,14,1.281350543093385,103,3.3229814012540233e-15,ok,
6DKE,/home/ackson_tempel/lipid_docking_benchmark/benchmark_references/6DKE.cif,/home/ackson_tempel/lipid_docking_benchmark/model_outputs/vina/6DKE.pdbqt,A:PLM:401,RDKit,18,1.4462528401969619,283,4.965632745274616e-15,ok,
6E5F,/home/ackson_tempel/lipid_docking_benchmark/benchmark_references/6E5F.cif,/home/ackson_tempel/lipid_docking_benchmark/model_outputs/vina/6E5F.pdbqt,A:L6T:301,RDKit,35,3.07085409567669,173,1.3973658896503672e-14,ok,
6EW2,/home/ackson_tempel/lipid_docking_benchmark/benchmark_references/6EW2.cif,/home/ackson_tempel/lipid_docking_benchmark/model_outputs/vina/6EW2.pdbqt,A:PLM:201,RDKit,18,1.7154124544519573,133,7.137502777145865e-15,ok,
6EW4,/home/ackson_tempel/lipid_docking_benchmark/benchmark_references/6EW4.cif,/home/ackson_tempel/lipid_docking_benchmark/model_outputs/vina/6EW4.pdbqt,A:PLM:201,RDKit,18,1.2129262824535825,133,4.402955519628171e-15,ok,
6GE7,/home/ackson_tempel/lipid_docking_benchmark/benchmark_references/6GE7.cif,/home/ackson_tempel/lipid_docking_benchmark/model_outputs/vina/6GE7.pdbqt,A:EW8:201,RDKit,21,1.8581433770093743,162,8.86561071949292e-15,ok,
6GF9,/home/ackson_tempel/lipid_docking_benchmark/benchmark_references/6GF9.cif,/home/ackson_tempel/lipid_docking_benchmark/model_outputs/vina/6GF9.pdbqt,A:X90:201,RDKit,19,1.8532264894104653,161,4.381719036248839e-15,ok,
6GFS,/home/ackson_tempel/lipid_docking_benchmark/benchmark_references/6GFS.cif,/home/ackson_tempel/lipid_docking_benchmark/model_outputs/vina/6GFS.pdbqt,A:F15:201,RDKit,17,1.7698076831379483,162,8.766054729723543e-15,ok,
6IWP,/home/ackson_tempel/lipid_docking_benchmark/benchmark_references/6IWP.cif,/home/ackson_tempel/lipid_docking_benchmark/model_outputs/vina/6IWP.pdbqt,A:MYR:101,RDKit,16,1.251098617216084,90,3.101173869183615e-15,ok,
6LX7,/home/ackson_tempel/lipid_docking_benchmark/benchmark_references/6LX7.cif,/home/ackson_tempel/lipid_docking_benchmark/model_outputs/vina/6LX7.pdbqt,A:STE:502,RDKit,20,1.3993703762764167,268,6.618323488470104e-15,ok,
6MD0,/home/ackson_tempel/lipid_docking_benchmark/benchmark_references/6MD0.cif,/home/ackson_tempel/lipid_docking_benchmark/model_outputs/vina/6MD0.pdbqt,A:OLA:501,RDKit,20,1.6309659714414642,512,1.035931364845281e-14,ok,
6NOK,/home/ackson_tempel/lipid_docking_benchmark/benchmark_references/6NOK.cif,/home/ackson_tempel/lipid_docking_benchmark/model_outputs/vina/6NOK.pdbqt,A:MYR:401,RDKit,16,4.538229149403984,285,8.060788878551133e-15,ok,
6XU5,/home/ackson_tempel/lipid_docking_benchmark/benchmark_references/6XU5.cif,/home/ackson_tempel/lipid_docking_benchmark/model_outputs/vina/6XU5.pdbqt,A:PLM:201,RDKit,18,1.8204789815381612,133,5.9739834398852415e-15,ok,
7DEI,/home/ackson_tempel/lipid_docking_benchmark/benchmark_references/7DEI.cif,/home/ackson_tempel/lipid_docking_benchmark/model_outputs/vina/7DEI.pdbqt,A:PIF:901,RDKit,43,1.6468862374401496,753,2.1781184058485e-14,ok,
7E25,/home/ackson_tempel/lipid_docking_benchmark/benchmark_references/7E25.cif,/home/ackson_tempel/lipid_docking_benchmark/model_outputs/vina/7E25.pdbqt,A:PLM:202,RDKit,18,1.514649042591129,139,8.142189919118529e-15,ok,
7FXL,/home/ackson_tempel/lipid_docking_benchmark/benchmark_references/7FXL.cif,/home/ackson_tempel/lipid_docking_benchmark/model_outputs/vina/7FXL.pdbqt,A:MYR:201,RDKit,16,1.745578091922557,130,7.939135007054504e-15,ok,
7FY1,/home/ackson_tempel/lipid_docking_benchmark/benchmark_references/7FY1.cif,/home/ackson_tempel/lipid_docking_benchmark/model_outputs/vina/7FY1.pdbqt,A:MYR:201,RDKit,16,1.87602825138642,134,7.998174752286488e-15,ok,
7FZK,/home/ackson_tempel/lipid_docking_benchmark/benchmark_references/7FZK.cif,/home/ackson_tempel/lipid_docking_benchmark/model_outputs/vina/7FZK.pdbqt,A:MYR:201,RDKit,16,1.3678597789978326,133,6.293596536689066e-15,ok,
7JX2,/home/ackson_tempel/lipid_docking_benchmark/benchmark_references/7JX2.cif,/home/ackson_tempel/lipid_docking_benchmark/model_outputs/vina/7JX2.pdbqt,A:VLP:201,RDKit,23,1.63101896664791,135,8.32547275083655e-15,ok,
7K3I,/home/ackson_tempel/lipid_docking_benchmark/benchmark_references/7K3I.cif,/home/ackson_tempel/lipid_docking_benchmark/model_outputs/vina/7K3I.pdbqt,A:VLZ:201,RDKit,19,1.5218959263124099,138,1.3183362891720472e-14,ok,
7M6C,/home/ackson_tempel/lipid_docking_benchmark/benchmark_references/7M6C.cif,/home/ackson_tempel/lipid_docking_benchmark/model_outputs/vina/7M6C.pdbqt,A:DAO:201,RDKit,14,1.7018351229523636,122,4.6323732505619184e-15,ok,
7Q02,/home/ackson_tempel/lipid_docking_benchmark/benchmark_references/7Q02.cif,/home/ackson_tempel/lipid_docking_benchmark/model_outputs/vina/7Q02.pdbqt,A:PAM:201,RDKit,18,1.6451062782284527,153,5.7880144100033534e-15,ok,
7RJI,/home/ackson_tempel/lipid_docking_benchmark/benchmark_references/7RJI.cif,/home/ackson_tempel/lipid_docking_benchmark/model_outputs/vina/7RJI.pdbqt,A:STE:201,RDKit,20,4.3977480246092995,122,6.357023685336631e-15,ok,
7U9D,/home/ackson_tempel/lipid_docking_benchmark/benchmark_references/7U9D.cif,/home/ackson_tempel/lipid_docking_benchmark/model_outputs/vina/7U9D.pdbqt,A:M2R:301,RDKit,54,4.528067503341224,203,9.27910047636587e-15,ok,
7VR6,/home/ackson_tempel/lipid_docking_benchmark/benchmark_references/7VR6.cif,/home/ackson_tempel/lipid_docking_benchmark/model_outputs/vina/7VR6.pdbqt,A:PEF:301,RDKit,47,1.9597406363348515,185,9.297329075907364e-15,ok,
7WVT,/home/ackson_tempel/lipid_docking_benchmark/benchmark_references/7WVT.cif,/home/ackson_tempel/lipid_docking_benchmark/model_outputs/vina/7WVT.pdbqt,A:B7N:501,RDKit,57,1.7217919724784487,364,1.0907983347814904e-14,ok,
7YF1,/home/ackson_tempel/lipid_docking_benchmark/benchmark_references/7YF1.cif,/home/ackson_tempel/lipid_docking_benchmark/model_outputs/vina/7YF1.pdbqt,A:PLM:201,RDKit,18,1.5821113420890025,133,6.58263184748188e-15,ok,
7Z6W,/home/ackson_tempel/lipid_docking_benchmark/benchmark_references/7Z6W.cif,/home/ackson_tempel/lipid_docking_benchmark/model_outputs/vina/7Z6W.pdbqt,A:IG7:201,RDKit,63,2.1015964982055535,188,7.749739406698702e-15,ok,
8GOT,/home/ackson_tempel/lipid_docking_benchmark/benchmark_references/8GOT.cif,/home/ackson_tempel/lipid_docking_benchmark/model_outputs/vina/8GOT.pdbqt,A:K8U:301,RDKit,102,11.922083918543114,208,7.617828595982867e-15,ok,
8GYN,/home/ackson_tempel/lipid_docking_benchmark/benchmark_references/8GYN.cif,/home/ackson_tempel/lipid_docking_benchmark/model_outputs/vina/8GYN.pdbqt,A:6OU:201,RDKit,49,2.531502397903633,160,5.881354038060814e-15,ok,
8IVL,/home/ackson_tempel/lipid_docking_benchmark/benchmark_references/8IVL.cif,/home/ackson_tempel/lipid_docking_benchmark/model_outputs/vina/8IVL.pdbqt,A:CLR:201,RDKit,28,2.0022478171866167,134,4.2499128319266365e-15,ok,
8QJZ,/home/ackson_tempel/lipid_docking_benchmark/benchmark_references/8QJZ.cif,/home/ackson_tempel/lipid_docking_benchmark/model_outputs/vina/8QJZ.pdbqt,A:LP5:303,RDKit,48,6.338730754917213,239,6.269035336972297e-15,ok,
8T5T,/home/ackson_tempel/lipid_docking_benchmark/benchmark_references/8T5T.cif,/home/ackson_tempel/lipid_docking_benchmark/model_outputs/vina/8T5T.pdbqt,A:STE:310,RDKit,20,2.4169302948161326,195,9.134964252338593e-15,ok,
